kv_cache,input_len,output_len,repeat,step,phase,tokens_in,context_len,forward_ms,sample_ms,total_ms
none,128,64,0,0,prefill,129,129,23.462,0.4094,23.8714
none,128,64,0,1,decode,130,130,167.1478,0.5118,167.6596
none,128,64,0,2,decode,131,131,21.9398,0.3927,22.3325
none,128,64,0,3,decode,132,132,21.695,0.3973,22.0923
none,128,64,0,4,decode,133,133,21.7223,0.3946,22.1168
none,128,64,0,5,decode,134,134,21.9943,0.3853,22.3796
none,128,64,0,6,decode,135,135,22.6287,0.4508,23.0795
none,128,64,0,7,decode,136,136,22.0584,0.4691,22.5275
none,128,64,0,8,decode,137,137,22.6939,0.4114,23.1053
none,128,64,0,9,decode,138,138,22.5253,0.3854,22.9106
none,128,64,0,10,decode,139,139,22.1838,0.3936,22.5774
none,128,64,0,11,decode,140,140,21.6463,0.3887,22.0349
none,128,64,0,12,decode,141,141,21.6341,0.387,22.0211
none,128,64,0,13,decode,142,142,21.6081,0.3852,21.9933
none,128,64,0,14,decode,143,143,21.6996,0.375,22.0747
none,128,64,0,15,decode,144,144,21.6622,0.3713,22.0335
none,128,64,0,16,decode,145,145,22.3804,0.5599,22.9404
none,128,64,0,17,decode,146,146,23.3064,0.4894,23.7958
none,128,64,0,18,decode,147,147,22.2879,0.534,22.8219
none,128,64,0,19,decode,148,148,22.3407,0.5012,22.8419
none,128,64,0,20,decode,149,149,22.7121,0.5662,23.2783
none,128,64,0,21,decode,150,150,23.1276,0.56,23.6876
none,128,64,0,22,decode,151,151,23.0534,0.4728,23.5262
none,128,64,0,23,decode,152,152,22.9142,0.4741,23.3882
none,128,64,0,24,decode,153,153,21.8695,0.3765,22.246
none,128,64,0,25,decode,154,154,21.6832,0.3784,22.0616
none,128,64,0,26,decode,155,155,21.84,0.3964,22.2364
none,128,64,0,27,decode,156,156,21.7257,0.395,22.1206
none,128,64,0,28,decode,157,157,22.1352,0.415,22.5502
none,128,64,0,29,decode,158,158,22.1901,0.3913,22.5814
none,128,64,0,30,decode,159,159,22.0283,0.3951,22.4234
none,128,64,0,31,decode,160,160,21.767,0.3988,22.1658
none,128,64,0,32,decode,161,161,21.9618,0.3795,22.3413
none,128,64,0,33,decode,162,162,21.7229,0.3975,22.1204
none,128,64,0,34,decode,163,163,21.8735,0.3754,22.2489
none,128,64,0,35,decode,164,164,22.1817,0.3742,22.5559
none,128,64,0,36,decode,165,165,21.6745,0.3769,22.0514
none,128,64,0,37,decode,166,166,21.7247,0.3696,22.0943
none,128,64,0,38,decode,167,167,21.6827,0.3724,22.0551
none,128,64,0,39,decode,168,168,21.6375,0.3698,22.0073
none,128,64,0,40,decode,169,169,21.8293,0.4053,22.2346
none,128,64,0,41,decode,170,170,21.6687,0.3786,22.0474
none,128,64,0,42,decode,171,171,21.6469,0.3732,22.0201
none,128,64,0,43,decode,172,172,22.8253,0.444,23.2693
none,128,64,0,44,decode,173,173,22.1542,0.3929,22.5471
none,128,64,0,45,decode,174,174,21.8025,0.3749,22.1773
none,128,64,0,46,decode,175,175,21.8392,0.3734,22.2125
none,128,64,0,47,decode,176,176,21.7881,0.3991,22.1872
none,128,64,0,48,decode,177,177,21.7791,0.4081,22.1872
none,128,64,0,49,decode,178,178,21.752,0.374,22.1261
none,128,64,0,50,decode,179,179,22.0389,0.546,22.5849
none,128,64,0,51,decode,180,180,22.9158,0.5547,23.4705
none,128,64,0,52,decode,181,181,23.2928,0.5535,23.8462
none,128,64,0,53,decode,182,182,22.8623,0.4491,23.3114
none,128,64,0,54,decode,183,183,22.7041,0.4132,23.1174
none,128,64,0,55,decode,184,184,22.5885,0.4115,23.0
none,128,64,0,56,decode,185,185,22.411,0.4218,22.8328
none,128,64,0,57,decode,186,186,21.6763,0.4042,22.0805
none,128,64,0,58,decode,187,187,21.55,0.3942,21.9442
none,128,64,0,59,decode,188,188,21.532,0.3999,21.9319
none,128,64,0,60,decode,189,189,22.0316,0.434,22.4656
none,128,64,0,61,decode,190,190,22.3273,0.4202,22.7475
none,128,64,0,62,decode,191,191,22.7062,0.4926,23.1988
none,128,64,0,63,decode,192,192,22.5002,0.3946,22.8948
none,128,128,0,0,prefill,129,129,21.4152,0.3787,21.7938
none,128,128,0,1,decode,130,130,21.5947,0.3828,21.9775
none,128,128,0,2,decode,131,131,21.4852,0.3657,21.8509
none,128,128,0,3,decode,132,132,21.5823,0.3628,21.9451
none,128,128,0,4,decode,133,133,21.6294,0.3619,21.9913
none,128,128,0,5,decode,134,134,21.5336,0.368,21.9016
none,128,128,0,6,decode,135,135,21.9202,0.4409,22.3611
none,128,128,0,7,decode,136,136,22.3236,0.3714,22.695
none,128,128,0,8,decode,137,137,21.5762,0.3669,21.943
none,128,128,0,9,decode,138,138,21.6784,0.3869,22.0653
none,128,128,0,10,decode,139,139,21.6053,0.3865,21.9918
none,128,128,0,11,decode,140,140,21.6094,0.3972,22.0066
none,128,128,0,12,decode,141,141,21.6149,0.4029,22.0179
none,128,128,0,13,decode,142,142,21.7693,0.4488,22.2181
none,128,128,0,14,decode,143,143,21.7307,0.3717,22.1025
none,128,128,0,15,decode,144,144,21.7897,0.384,22.1737
none,128,128,0,16,decode,145,145,21.9551,0.398,22.3532
none,128,128,0,17,decode,146,146,21.5764,0.3883,21.9647
none,128,128,0,18,decode,147,147,21.6135,0.3862,21.9997
none,128,128,0,19,decode,148,148,21.5833,0.3992,21.9825
none,128,128,0,20,decode,149,149,21.6658,0.4165,22.0823
none,128,128,0,21,decode,150,150,21.6299,0.3713,22.0012
none,128,128,0,22,decode,151,151,21.5977,0.3777,21.9754
none,128,128,0,23,decode,152,152,21.6398,0.3945,22.0343
none,128,128,0,24,decode,153,153,21.8092,0.3892,22.1985
none,128,128,0,25,decode,154,154,22.3542,0.3874,22.7416
none,128,128,0,26,decode,155,155,22.3018,0.3991,22.7008
none,128,128,0,27,decode,156,156,21.8932,0.3786,22.2718
none,128,128,0,28,decode,157,157,21.5799,0.3798,21.9597
none,128,128,0,29,decode,158,158,21.6279,0.381,22.0089
none,128,128,0,30,decode,159,159,21.544,0.3779,21.922
none,128,128,0,31,decode,160,160,21.6509,0.3701,22.021
none,128,128,0,32,decode,161,161,21.6491,0.3684,22.0175
none,128,128,0,33,decode,162,162,21.7761,0.4011,22.1772
none,128,128,0,34,decode,163,163,21.791,0.3951,22.1861
none,128,128,0,35,decode,164,164,21.6696,0.4029,22.0725
none,128,128,0,36,decode,165,165,21.6072,0.3804,21.9876
none,128,128,0,37,decode,166,166,21.5923,0.369,21.9613
none,128,128,0,38,decode,167,167,21.8263,0.376,22.2023
none,128,128,0,39,decode,168,168,21.9756,0.5411,22.5167
none,128,128,0,40,decode,169,169,21.9617,0.3874,22.3491
none,128,128,0,41,decode,170,170,21.7794,0.4054,22.1848
none,128,128,0,42,decode,171,171,22.4603,0.3805,22.8407
none,128,128,0,43,decode,172,172,21.8754,0.4135,22.2888
none,128,128,0,44,decode,173,173,21.835,0.4078,22.2428
none,128,128,0,45,decode,174,174,21.7762,0.3831,22.1593
none,128,128,0,46,decode,175,175,21.7173,0.3747,22.092
none,128,128,0,47,decode,176,176,21.8698,0.5817,22.4516
none,128,128,0,48,decode,177,177,26.2293,0.6265,26.8558
none,128,128,0,49,decode,178,178,25.5167,0.5426,26.0593
none,128,128,0,50,decode,179,179,23.108,0.5547,23.6627
none,128,128,0,51,decode,180,180,22.7834,0.4516,23.235
none,128,128,0,52,decode,181,181,21.802,0.4016,22.2036
none,128,128,0,53,decode,182,182,21.754,0.3748,22.1288
none,128,128,0,54,decode,183,183,21.7531,0.3905,22.1436
none,128,128,0,55,decode,184,184,22.0189,0.4009,22.4198
none,128,128,0,56,decode,185,185,21.7859,0.3764,22.1623
none,128,128,0,57,decode,186,186,21.4749,0.3763,21.8512
none,128,128,0,58,decode,187,187,21.6099,0.3767,21.9866
none,128,128,0,59,decode,188,188,21.2984,0.3789,21.6773
none,128,128,0,60,decode,189,189,21.9051,0.4139,22.3189
none,128,128,0,61,decode,190,190,21.6716,0.3829,22.0545
none,128,128,0,62,decode,191,191,21.5498,0.3754,21.9252
none,128,128,0,63,decode,192,192,21.5244,0.3695,21.8939
none,128,128,0,64,decode,193,193,21.6663,0.3889,22.0552
none,128,128,0,65,decode,194,194,21.7921,0.417,22.2091
none,128,128,0,66,decode,195,195,21.8919,0.4562,22.3481
none,128,128,0,67,decode,196,196,22.1945,0.4147,22.6091
none,128,128,0,68,decode,197,197,21.62,0.3948,22.0148
none,128,128,0,69,decode,198,198,21.875,0.3806,22.2556
none,128,128,0,70,decode,199,199,21.6462,0.374,22.0201
none,128,128,0,71,decode,200,200,21.8126,0.3767,22.1893
none,128,128,0,72,decode,201,201,21.7319,0.4107,22.1426
none,128,128,0,73,decode,202,202,21.6172,0.4121,22.0293
none,128,128,0,74,decode,203,203,22.0257,0.3882,22.4139
none,128,128,0,75,decode,204,204,22.1043,0.4137,22.5179
none,128,128,0,76,decode,205,205,21.6977,0.4192,22.1168
none,128,128,0,77,decode,206,206,22.1065,0.4289,22.5355
none,128,128,0,78,decode,207,207,22.0049,0.3841,22.389
none,128,128,0,79,decode,208,208,21.6003,0.384,21.9844
none,128,128,0,80,decode,209,209,22.1581,0.4145,22.5726
none,128,128,0,81,decode,210,210,21.6708,0.3875,22.0583
none,128,128,0,82,decode,211,211,21.5777,0.3853,21.963
none,128,128,0,83,decode,212,212,21.6168,0.3945,22.0113
none,128,128,0,84,decode,213,213,21.7503,0.3995,22.1497
none,128,128,0,85,decode,214,214,21.6035,0.3788,21.9823
none,128,128,0,86,decode,215,215,21.563,0.3869,21.9499
none,128,128,0,87,decode,216,216,22.2283,0.3886,22.6169
none,128,128,0,88,decode,217,217,21.7645,0.3846,22.1491
none,128,128,0,89,decode,218,218,21.8532,0.4088,22.2619
none,128,128,0,90,decode,219,219,21.8246,0.4139,22.2386
none,128,128,0,91,decode,220,220,21.7644,0.3834,22.1478
none,128,128,0,92,decode,221,221,21.8274,0.4028,22.2302
none,128,128,0,93,decode,222,222,22.438,0.4884,22.9264
none,128,128,0,94,decode,223,223,22.0528,0.4003,22.4531
none,128,128,0,95,decode,224,224,21.8445,0.3861,22.2306
none,128,128,0,96,decode,225,225,21.8489,0.381,22.2299
none,128,128,0,97,decode,226,226,21.8582,0.3976,22.2557
none,128,128,0,98,decode,227,227,21.8316,0.403,22.2346
none,128,128,0,99,decode,228,228,22.0107,0.4129,22.4236
none,128,128,0,100,decode,229,229,22.1883,0.409,22.5973
none,128,128,0,101,decode,230,230,21.9431,0.4105,22.3536
none,128,128,0,102,decode,231,231,21.9136,0.3956,22.3092
none,128,128,0,103,decode,232,232,21.9702,0.3941,22.3643
none,128,128,0,104,decode,233,233,22.4705,0.4303,22.9008
none,128,128,0,105,decode,234,234,22.2274,0.3934,22.6208
none,128,128,0,106,decode,235,235,21.9654,0.405,22.3704
none,128,128,0,107,decode,236,236,21.964,0.4048,22.3688
none,128,128,0,108,decode,237,237,22.1128,0.4052,22.518
none,128,128,0,109,decode,238,238,21.9682,0.4295,22.3977
none,128,128,0,110,decode,239,239,22.0999,0.4074,22.5073
none,128,128,0,111,decode,240,240,22.0211,0.3897,22.4108
none,128,128,0,112,decode,241,241,22.0362,0.4034,22.4396
none,128,128,0,113,decode,242,242,22.1154,0.3868,22.5023
none,128,128,0,114,decode,243,243,22.2318,0.4294,22.6612
none,128,128,0,115,decode,244,244,22.1579,0.4085,22.5664
none,128,128,0,116,decode,245,245,22.1201,0.3811,22.5012
none,128,128,0,117,decode,246,246,22.1187,0.4136,22.5323
none,128,128,0,118,decode,247,247,22.116,0.3816,22.4976
none,128,128,0,119,decode,248,248,22.1438,0.3819,22.5257
none,128,128,0,120,decode,249,249,22.3742,0.5084,22.8826
none,128,128,0,121,decode,250,250,22.4607,0.4099,22.8706
none,128,128,0,122,decode,251,251,22.1869,0.4087,22.5956
none,128,128,0,123,decode,252,252,22.1643,0.3913,22.5556
none,128,128,0,124,decode,253,253,22.2124,0.3888,22.6012
none,128,128,0,125,decode,254,254,22.1877,0.4041,22.5918
none,128,128,0,126,decode,255,255,22.181,0.4072,22.5882
none,128,128,0,127,decode,256,256,22.2323,0.387,22.6192
none,512,64,0,0,prefill,513,513,37.4221,0.4773,37.8995
none,512,64,0,1,decode,514,514,45.835,0.5034,46.3384
none,512,64,0,2,decode,515,515,45.7823,0.4417,46.224
none,512,64,0,3,decode,516,516,45.7123,0.4405,46.1528
none,512,64,0,4,decode,517,517,45.7967,0.4469,46.2436
none,512,64,0,5,decode,518,518,45.7423,0.5209,46.2633
none,512,64,0,6,decode,519,519,46.2476,0.694,46.9416
none,512,64,0,7,decode,520,520,46.4764,0.7575,47.234
none,512,64,0,8,decode,521,521,46.3584,0.4919,46.8503
none,512,64,0,9,decode,522,522,45.9531,0.4775,46.4307
none,512,64,0,10,decode,523,523,45.8941,0.5404,46.4345
none,512,64,0,11,decode,524,524,46.128,0.4899,46.618
none,512,64,0,12,decode,525,525,45.9666,0.4698,46.4364
none,512,64,0,13,decode,526,526,46.0419,0.4534,46.4953
none,512,64,0,14,decode,527,527,45.9888,0.4511,46.44
none,512,64,0,15,decode,528,528,46.051,0.5183,46.5694
none,512,64,0,16,decode,529,529,46.193,0.4668,46.6598
none,512,64,0,17,decode,530,530,46.0608,0.7341,46.7949
none,512,64,0,18,decode,531,531,46.5506,0.4978,47.0484
none,512,64,0,19,decode,532,532,46.1137,0.4422,46.5559
none,512,64,0,20,decode,533,533,46.1437,0.4596,46.6033
none,512,64,0,21,decode,534,534,46.1155,0.4577,46.5732
none,512,64,0,22,decode,535,535,46.1761,0.4651,46.6412
none,512,64,0,23,decode,536,536,46.2449,0.5438,46.7887
none,512,64,0,24,decode,537,537,46.3812,0.4746,46.8558
none,512,64,0,25,decode,538,538,46.316,0.4544,46.7705
none,512,64,0,26,decode,539,539,46.2165,0.4529,46.6694
none,512,64,0,27,decode,540,540,46.2424,0.4722,46.7147
none,512,64,0,28,decode,541,541,46.3878,0.4549,46.8426
none,512,64,0,29,decode,542,542,46.3589,0.4836,46.8425
none,512,64,0,30,decode,543,543,46.41,0.4502,46.8603
none,512,64,0,31,decode,544,544,46.3547,0.505,46.8597
none,512,64,0,32,decode,545,545,46.3893,0.4574,46.8467
none,512,64,0,33,decode,546,546,46.3637,0.498,46.8617
none,512,64,0,34,decode,547,547,46.4881,0.4901,46.9782
none,512,64,0,35,decode,548,548,46.4575,0.4621,46.9196
none,512,64,0,36,decode,549,549,46.4766,0.5297,47.0063
none,512,64,0,37,decode,550,550,46.5876,0.4759,47.0635
none,512,64,0,38,decode,551,551,46.5153,0.4918,47.0071
none,512,64,0,39,decode,552,552,46.5384,0.4792,47.0176
none,512,64,0,40,decode,553,553,46.62,0.461,47.081
none,512,64,0,41,decode,554,554,46.5858,0.4796,47.0655
none,512,64,0,42,decode,555,555,46.6815,0.4499,47.1314
none,512,64,0,43,decode,556,556,46.5882,0.5038,47.092
none,512,64,0,44,decode,557,557,46.7175,0.4806,47.1981
none,512,64,0,45,decode,558,558,46.63,0.4567,47.0867
none,512,64,0,46,decode,559,559,46.6988,0.4752,47.174
none,512,64,0,47,decode,560,560,46.7505,0.4686,47.2191
none,512,64,0,48,decode,561,561,46.6725,0.5262,47.1987
none,512,64,0,49,decode,562,562,46.7504,0.5037,47.2542
none,512,64,0,50,decode,563,563,46.9066,0.8595,47.766
none,512,64,0,51,decode,564,564,47.3798,0.7414,48.1211
none,512,64,0,52,decode,565,565,47.3379,0.5957,47.9336
none,512,64,0,53,decode,566,566,47.0722,0.52,47.5922
none,512,64,0,54,decode,567,567,46.9314,0.4951,47.4265
none,512,64,0,55,decode,568,568,46.9946,0.4691,47.4637
none,512,64,0,56,decode,569,569,46.8726,0.436,47.3086
none,512,64,0,57,decode,570,570,46.9089,0.4718,47.3807
none,512,64,0,58,decode,571,571,46.9495,0.4545,47.404
none,512,64,0,59,decode,572,572,46.9979,0.5042,47.5021
none,512,64,0,60,decode,573,573,47.0799,0.4765,47.5564
none,512,64,0,61,decode,574,574,47.0689,0.4792,47.5481
none,512,64,0,62,decode,575,575,47.229,0.5359,47.7649
none,512,64,0,63,decode,576,576,47.1706,0.4498,47.6204
none,512,128,0,0,prefill,513,513,37.2623,0.4707,37.733
none,512,128,0,1,decode,514,514,45.6826,0.459,46.1416
none,512,128,0,2,decode,515,515,45.7264,0.473,46.1994
none,512,128,0,3,decode,516,516,45.7293,0.519,46.2483
none,512,128,0,4,decode,517,517,45.853,0.4515,46.3045
none,512,128,0,5,decode,518,518,45.7135,0.4328,46.1463
none,512,128,0,6,decode,519,519,45.7966,0.459,46.2556
none,512,128,0,7,decode,520,520,45.8092,0.5012,46.3104
none,512,128,0,8,decode,521,521,45.9371,0.4509,46.388
none,512,128,0,9,decode,522,522,45.886,0.4682,46.3542
none,512,128,0,10,decode,523,523,45.8457,0.4472,46.2929
none,512,128,0,11,decode,524,524,45.8889,0.5459,46.4348
none,512,128,0,12,decode,525,525,46.0985,0.4812,46.5797
none,512,128,0,13,decode,526,526,46.0005,0.4595,46.46
none,512,128,0,14,decode,527,527,45.9557,0.4441,46.3997
none,512,128,0,15,decode,528,528,45.9516,0.4576,46.4092
none,512,128,0,16,decode,529,529,45.9993,0.436,46.4353
none,512,128,0,17,decode,530,530,45.9806,0.5013,46.4819
none,512,128,0,18,decode,531,531,46.0806,0.4507,46.5313
none,512,128,0,19,decode,532,532,46.0464,0.6457,46.6921
none,512,128,0,20,decode,533,533,46.4163,0.4903,46.9066
none,512,128,0,21,decode,534,534,46.0909,0.5098,46.6007
none,512,128,0,22,decode,535,535,46.222,0.4679,46.6899
none,512,128,0,23,decode,536,536,46.2048,0.4807,46.6854
none,512,128,0,24,decode,537,537,46.1971,0.4744,46.6715
none,512,128,0,25,decode,538,538,46.1986,0.438,46.6366
none,512,128,0,26,decode,539,539,46.2021,0.4447,46.6469
none,512,128,0,27,decode,540,540,46.2153,0.5491,46.7643
none,512,128,0,28,decode,541,541,46.4681,0.4639,46.9319
none,512,128,0,29,decode,542,542,46.2867,0.5073,46.794
none,512,128,0,30,decode,543,543,46.3578,0.4753,46.8331
none,512,128,0,31,decode,544,544,46.3245,0.6439,46.9684
none,512,128,0,32,decode,545,545,46.7638,0.7992,47.5631
none,512,128,0,33,decode,546,546,46.9048,0.518,47.4228
none,512,128,0,34,decode,547,547,46.4827,0.4684,46.9511
none,512,128,0,35,decode,548,548,46.3854,0.4829,46.8683
none,512,128,0,36,decode,549,549,46.4557,0.481,46.9367
none,512,128,0,37,decode,550,550,46.4661,0.4669,46.9331
none,512,128,0,38,decode,551,551,46.4778,0.4998,46.9776
none,512,128,0,39,decode,552,552,46.541,0.4856,47.0266
none,512,128,0,40,decode,553,553,46.5026,0.4721,46.9747
none,512,128,0,41,decode,554,554,46.5197,0.5298,47.0495
none,512,128,0,42,decode,555,555,46.6839,0.465,47.1489
none,512,128,0,43,decode,556,556,46.554,0.4572,47.0113
none,512,128,0,44,decode,557,557,46.6428,0.4864,47.1292
none,512,128,0,45,decode,558,558,46.6548,0.4714,47.1262
none,512,128,0,46,decode,559,559,46.6256,0.4852,47.1107
none,512,128,0,47,decode,560,560,46.6854,0.4414,47.1269
none,512,128,0,48,decode,561,561,46.6228,0.4516,47.0744
none,512,128,0,49,decode,562,562,46.6778,0.4536,47.1314
none,512,128,0,50,decode,563,563,46.7599,0.5039,47.2638
none,512,128,0,51,decode,564,564,46.8188,0.4765,47.2953
none,512,128,0,52,decode,565,565,46.8073,0.4573,47.2646
none,512,128,0,53,decode,566,566,46.7773,0.4718,47.2491
none,512,128,0,54,decode,567,567,46.7936,0.5217,47.3154
none,512,128,0,55,decode,568,568,46.9346,0.6634,47.598
none,512,128,0,56,decode,569,569,47.2285,0.4815,47.71
none,512,128,0,57,decode,570,570,46.9728,0.5011,47.4739
none,512,128,0,58,decode,571,571,46.9575,0.4934,47.4509
none,512,128,0,59,decode,572,572,47.0186,0.4826,47.5013
none,512,128,0,60,decode,573,573,47.0309,0.4958,47.5267
none,512,128,0,61,decode,574,574,47.0157,0.4673,47.483
none,512,128,0,62,decode,575,575,47.0158,0.4604,47.4762
none,512,128,0,63,decode,576,576,47.0081,0.4796,47.4878
none,512,128,0,64,decode,577,577,47.1686,0.4615,47.6301
none,512,128,0,65,decode,578,578,46.719,0.5896,47.3086
none,512,128,0,66,decode,579,579,46.9404,0.5667,47.5071
none,512,128,0,67,decode,580,580,46.9274,0.4721,47.3995
none,512,128,0,68,decode,581,581,46.7584,0.4935,47.2519
none,512,128,0,69,decode,582,582,46.7769,0.4598,47.2367
none,512,128,0,70,decode,583,583,46.7646,0.4638,47.2284
none,512,128,0,71,decode,584,584,46.7942,0.5328,47.327
none,512,128,0,72,decode,585,585,46.882,0.4607,47.3427
none,512,128,0,73,decode,586,586,46.8291,0.475,47.3042
none,512,128,0,74,decode,587,587,46.793,0.4846,47.2776
none,512,128,0,75,decode,588,588,46.8655,0.758,47.6235
none,512,128,0,76,decode,589,589,47.3862,0.8186,48.2048
none,512,128,0,77,decode,590,590,47.4588,0.4927,47.9515
none,512,128,0,78,decode,591,591,46.8701,0.4632,47.3333
none,512,128,0,79,decode,592,592,46.8893,0.581,47.4703
none,512,128,0,80,decode,593,593,47.1233,0.4961,47.6194
none,512,128,0,81,decode,594,594,48.699,0.4982,49.1972
none,512,128,0,82,decode,595,595,48.738,0.4652,49.2032
none,512,128,0,83,decode,596,596,48.7513,0.4483,49.1996
none,512,128,0,84,decode,597,597,48.7876,0.5041,49.2917
none,512,128,0,85,decode,598,598,48.8118,0.4514,49.2632
none,512,128,0,86,decode,599,599,48.8143,0.4771,49.2914
none,512,128,0,87,decode,600,600,48.8442,0.4789,49.3231
none,512,128,0,88,decode,601,601,48.8232,0.4496,49.2729
none,512,128,0,89,decode,602,602,48.8531,0.5406,49.3937
none,512,128,0,90,decode,603,603,48.9701,0.4914,49.4615
none,512,128,0,91,decode,604,604,48.9488,0.4727,49.4216
none,512,128,0,92,decode,605,605,48.8903,0.5475,49.4378
none,512,128,0,93,decode,606,606,49.1181,0.4972,49.6152
none,512,128,0,94,decode,607,607,48.9836,0.4688,49.4524
none,512,128,0,95,decode,608,608,48.947,0.4794,49.4264
none,512,128,0,96,decode,609,609,48.9291,0.4701,49.3992
none,512,128,0,97,decode,610,610,49.0317,0.5042,49.536
none,512,128,0,98,decode,611,611,49.0773,0.4926,49.5699
none,512,128,0,99,decode,612,612,49.0171,0.4555,49.4726
none,512,128,0,100,decode,613,613,49.0555,0.47,49.5255
none,512,128,0,101,decode,614,614,49.0135,0.4435,49.457
none,512,128,0,102,decode,615,615,49.0562,0.5091,49.5653
none,512,128,0,103,decode,616,616,49.1363,0.4803,49.6166
none,512,128,0,104,decode,617,617,49.0998,0.4608,49.5606
none,512,128,0,105,decode,618,618,49.1103,0.5665,49.6769
none,512,128,0,106,decode,619,619,49.3769,0.5233,49.9001
none,512,128,0,107,decode,620,620,49.1594,0.5011,49.6605
none,512,128,0,108,decode,621,621,49.2004,0.4587,49.6591
none,512,128,0,109,decode,622,622,49.1955,0.4855,49.681
none,512,128,0,110,decode,623,623,49.2813,0.5022,49.7836
none,512,128,0,111,decode,624,624,49.3501,0.4575,49.8076
none,512,128,0,112,decode,625,625,49.2363,0.5008,49.737
none,512,128,0,113,decode,626,626,49.3036,0.4797,49.7834
none,512,128,0,114,decode,627,627,49.2786,0.4849,49.7635
none,512,128,0,115,decode,628,628,49.3952,0.4684,49.8636
none,512,128,0,116,decode,629,629,49.3417,0.4683,49.8099
none,512,128,0,117,decode,630,630,49.3901,0.7944,50.1845
none,512,128,0,118,decode,631,631,49.9712,0.7802,50.7514
none,512,128,0,119,decode,632,632,49.961,0.5782,50.5391
none,512,128,0,120,decode,633,633,49.6753,0.4899,50.1653
none,512,128,0,121,decode,634,634,52.6727,0.4893,53.162
none,512,128,0,122,decode,635,635,52.6589,0.5163,53.1753
none,512,128,0,123,decode,636,636,52.7614,0.4847,53.2461
none,512,128,0,124,decode,637,637,52.7965,0.4766,53.2731
none,512,128,0,125,decode,638,638,52.6732,0.492,53.1653
none,512,128,0,126,decode,639,639,52.731,0.5302,53.2613
none,512,128,0,127,decode,640,640,52.8757,0.5029,53.3786
none,2048,64,0,0,prefill,2049,2049,132.0724,0.8636,132.9361
none,2048,64,0,1,decode,2050,2050,139.7393,0.8244,140.5637
none,2048,64,0,2,decode,2051,2051,139.6037,0.8166,140.4204
none,2048,64,0,3,decode,2052,2052,139.6616,0.7648,140.4264
none,2048,64,0,4,decode,2053,2053,139.625,0.8143,140.4393
none,2048,64,0,5,decode,2054,2054,139.7248,0.7387,140.4635
none,2048,64,0,6,decode,2055,2055,139.6178,0.7775,140.3953
none,2048,64,0,7,decode,2056,2056,139.8157,0.7157,140.5314
none,2048,64,0,8,decode,2057,2057,139.8294,0.7615,140.5909
none,2048,64,0,9,decode,2058,2058,139.8974,0.7934,140.6908
none,2048,64,0,10,decode,2059,2059,140.0196,0.9832,141.0028
none,2048,64,0,11,decode,2060,2060,140.1429,1.0565,141.1993
none,2048,64,0,12,decode,2061,2061,140.0991,0.7814,140.8805
none,2048,64,0,13,decode,2062,2062,139.8949,0.8509,140.7459
none,2048,64,0,14,decode,2063,2063,140.1657,0.7499,140.9156
none,2048,64,0,15,decode,2064,2064,139.8907,0.7457,140.6364
none,2048,64,0,16,decode,2065,2065,139.9458,0.7411,140.6868
none,2048,64,0,17,decode,2066,2066,139.9593,0.7422,140.7015
none,2048,64,0,18,decode,2067,2067,140.0941,0.8206,140.9146
none,2048,64,0,19,decode,2068,2068,140.1406,0.8003,140.9409
none,2048,64,0,20,decode,2069,2069,140.1134,0.7624,140.8758
none,2048,64,0,21,decode,2070,2070,140.1584,0.7473,140.9057
none,2048,64,0,22,decode,2071,2071,140.0301,0.8141,140.8442
none,2048,64,0,23,decode,2072,2072,140.2715,0.7629,141.0344
none,2048,64,0,24,decode,2073,2073,140.0692,0.756,140.8252
none,2048,64,0,25,decode,2074,2074,140.1655,1.1291,141.2945
none,2048,64,0,26,decode,2075,2075,140.6916,1.0335,141.7251
none,2048,64,0,27,decode,2076,2076,140.5629,0.8528,141.4156
none,2048,64,0,28,decode,2077,2077,140.3276,0.7663,141.0939
none,2048,64,0,29,decode,2078,2078,140.3505,0.779,141.1295
none,2048,64,0,30,decode,2079,2079,140.2522,0.7259,140.978
none,2048,64,0,31,decode,2080,2080,140.1077,0.7448,140.8525
none,2048,64,0,32,decode,2081,2081,140.3398,0.8033,141.1432
none,2048,64,0,33,decode,2082,2082,140.3588,0.9376,141.2964
none,2048,64,0,34,decode,2083,2083,140.5751,0.7744,141.3496
none,2048,64,0,35,decode,2084,2084,140.392,0.7288,141.1208
none,2048,64,0,36,decode,2085,2085,140.3491,0.8258,141.1749
none,2048,64,0,37,decode,2086,2086,140.4644,0.7243,141.1887
none,2048,64,0,38,decode,2087,2087,140.4342,0.7897,141.224
none,2048,64,0,39,decode,2088,2088,140.4308,0.7484,141.1792
none,2048,64,0,40,decode,2089,2089,140.4136,1.0543,141.4679
none,2048,64,0,41,decode,2090,2090,140.8574,0.8598,141.7172
none,2048,64,0,42,decode,2091,2091,140.5295,0.7931,141.3226
none,2048,64,0,43,decode,2092,2092,140.5964,0.7302,141.3265
none,2048,64,0,44,decode,2093,2093,140.4799,0.7932,141.2731
none,2048,64,0,45,decode,2094,2094,140.548,0.8373,141.3853
none,2048,64,0,46,decode,2095,2095,140.6126,0.8007,141.4133
none,2048,64,0,47,decode,2096,2096,140.694,0.7931,141.4871
none,2048,64,0,48,decode,2097,2097,140.635,0.9617,141.5967
none,2048,64,0,49,decode,2098,2098,140.8871,0.775,141.6621
none,2048,64,0,50,decode,2099,2099,140.6869,0.8372,141.5242
none,2048,64,0,51,decode,2100,2100,140.8103,0.7627,141.5731
none,2048,64,0,52,decode,2101,2101,140.8197,0.7524,141.5721
none,2048,64,0,53,decode,2102,2102,140.6752,0.7712,141.4465
none,2048,64,0,54,decode,2103,2103,140.7861,0.7868,141.5729
none,2048,64,0,55,decode,2104,2104,140.8254,1.0779,141.9033
none,2048,64,0,56,decode,2105,2105,141.0364,0.9197,141.9561
none,2048,64,0,57,decode,2106,2106,141.0252,0.7918,141.8169
none,2048,64,0,58,decode,2107,2107,140.7514,0.7764,141.5278
none,2048,64,0,59,decode,2108,2108,140.8066,0.8556,141.6623
none,2048,64,0,60,decode,2109,2109,140.8777,0.7545,141.6322
none,2048,64,0,61,decode,2110,2110,140.8312,0.7454,141.5766
none,2048,64,0,62,decode,2111,2111,140.8444,0.7614,141.6058
none,2048,64,0,63,decode,2112,2112,140.667,0.8153,141.4823
none,2048,128,0,0,prefill,2049,2049,132.0358,0.8245,132.8602
none,2048,128,0,1,decode,2050,2050,139.5275,0.8604,140.3879
none,2048,128,0,2,decode,2051,2051,139.6801,0.7419,140.4221
none,2048,128,0,3,decode,2052,2052,139.6125,0.7651,140.3776
none,2048,128,0,4,decode,2053,2053,139.6674,0.7693,140.4367
none,2048,128,0,5,decode,2054,2054,139.5875,0.7639,140.3514
none,2048,128,0,6,decode,2055,2055,139.8389,1.0552,140.8941
none,2048,128,0,7,decode,2056,2056,140.041,0.767,140.8081
none,2048,128,0,8,decode,2057,2057,139.846,0.8079,140.6539
none,2048,128,0,9,decode,2058,2058,139.9274,0.7963,140.7237
none,2048,128,0,10,decode,2059,2059,139.8681,0.7611,140.6292
none,2048,128,0,11,decode,2060,2060,139.9635,0.7748,140.7383
none,2048,128,0,12,decode,2061,2061,140.1184,0.802,140.9204
none,2048,128,0,13,decode,2062,2062,139.9731,0.7545,140.7276
none,2048,128,0,14,decode,2063,2063,139.9382,0.7319,140.6701
none,2048,128,0,15,decode,2064,2064,139.9376,0.767,140.7046
none,2048,128,0,16,decode,2065,2065,139.9863,0.7937,140.78
none,2048,128,0,17,decode,2066,2066,140.0816,0.7656,140.8473
none,2048,128,0,18,decode,2067,2067,140.0934,1.0392,141.1327
none,2048,128,0,19,decode,2068,2068,140.2912,0.7005,140.9916
none,2048,128,0,20,decode,2069,2069,140.0806,1.0582,141.1388
none,2048,128,0,21,decode,2070,2070,140.4884,1.0566,141.5449
none,2048,128,0,22,decode,2071,2071,140.3074,0.7608,141.0681
none,2048,128,0,23,decode,2072,2072,140.2737,0.7659,141.0396
none,2048,128,0,24,decode,2073,2073,140.2187,0.7524,140.9711
none,2048,128,0,25,decode,2074,2074,140.127,1.0841,141.2111
none,2048,128,0,26,decode,2075,2075,140.4812,0.7743,141.2555
none,2048,128,0,27,decode,2076,2076,140.1484,0.8921,141.0405
none,2048,128,0,28,decode,2077,2077,140.3498,0.7286,141.0784
none,2048,128,0,29,decode,2078,2078,140.2379,0.742,140.9799
none,2048,128,0,30,decode,2079,2079,140.215,0.7763,140.9914
none,2048,128,0,31,decode,2080,2080,140.4168,0.7598,141.1766
none,2048,128,0,32,decode,2081,2081,140.3455,0.7479,141.0934
none,2048,128,0,33,decode,2082,2082,140.2805,0.7307,141.0113
none,2048,128,0,34,decode,2083,2083,140.4394,0.844,141.2834
none,2048,128,0,35,decode,2084,2084,140.4819,1.124,141.6059
none,2048,128,0,36,decode,2085,2085,140.7393,0.9951,141.7344
none,2048,128,0,37,decode,2086,2086,140.6376,0.7511,141.3887
none,2048,128,0,38,decode,2087,2087,140.4274,0.7215,141.1489
none,2048,128,0,39,decode,2088,2088,140.3752,0.7988,141.174
none,2048,128,0,40,decode,2089,2089,140.4694,0.9212,141.3906
none,2048,128,0,41,decode,2090,2090,140.6245,0.7999,141.4244
none,2048,128,0,42,decode,2091,2091,140.4941,0.7229,141.2169
none,2048,128,0,43,decode,2092,2092,140.4384,0.8074,141.2458
none,2048,128,0,44,decode,2093,2093,140.6287,0.757,141.3858
none,2048,128,0,45,decode,2094,2094,140.4931,0.7956,141.2886
none,2048,128,0,46,decode,2095,2095,140.6682,0.7748,141.443
none,2048,128,0,47,decode,2096,2096,140.6905,0.8631,141.5536
none,2048,128,0,48,decode,2097,2097,140.8748,0.7949,141.6697
none,2048,128,0,49,decode,2098,2098,140.6565,0.7353,141.3917
none,2048,128,0,50,decode,2099,2099,140.6431,1.0914,141.7345
none,2048,128,0,51,decode,2100,2100,140.8515,0.8097,141.6613
none,2048,128,0,52,decode,2101,2101,140.7668,0.9989,141.7657
none,2048,128,0,53,decode,2102,2102,140.8518,0.7486,141.6004
none,2048,128,0,54,decode,2103,2103,140.7542,0.7503,141.5046
none,2048,128,0,55,decode,2104,2104,140.695,1.0402,141.7353
none,2048,128,0,56,decode,2105,2105,140.8967,0.8332,141.7299
none,2048,128,0,57,decode,2106,2106,140.8973,0.7657,141.663
none,2048,128,0,58,decode,2107,2107,140.7836,0.7552,141.5388
none,2048,128,0,59,decode,2108,2108,140.7631,0.7554,141.5185
none,2048,128,0,60,decode,2109,2109,140.8168,0.8042,141.621
none,2048,128,0,61,decode,2110,2110,140.8377,0.7623,141.6
none,2048,128,0,62,decode,2111,2111,140.8702,0.7587,141.6288
none,2048,128,0,63,decode,2112,2112,140.8147,0.7497,141.5644
none,2048,128,0,64,decode,2113,2113,140.9052,0.7676,141.6728
none,2048,128,0,65,decode,2114,2114,141.3134,1.059,142.3724
none,2048,128,0,66,decode,2115,2115,141.4731,0.7545,142.2276
none,2048,128,0,67,decode,2116,2116,141.1585,0.7896,141.9482
none,2048,128,0,68,decode,2117,2117,141.4406,0.74,142.1806
none,2048,128,0,69,decode,2118,2118,141.3409,0.7477,142.0886
none,2048,128,0,70,decode,2119,2119,141.3627,0.8128,142.1755
none,2048,128,0,71,decode,2120,2120,141.5414,0.7914,142.3327
none,2048,128,0,72,decode,2121,2121,141.4461,0.7839,142.23
none,2048,128,0,73,decode,2122,2122,141.4989,0.7829,142.2818
none,2048,128,0,74,decode,2123,2123,141.5757,0.8215,142.3971
none,2048,128,0,75,decode,2124,2124,141.6076,0.7742,142.3818
none,2048,128,0,76,decode,2125,2125,141.4337,0.7981,142.2318
none,2048,128,0,77,decode,2126,2126,141.5077,0.7494,142.2571
none,2048,128,0,78,decode,2127,2127,141.5527,0.7762,142.3289
none,2048,128,0,79,decode,2128,2128,141.5391,1.1228,142.6619
none,2048,128,0,80,decode,2129,2129,141.9946,1.0619,143.0565
none,2048,128,0,81,decode,2130,2130,141.7614,0.7624,142.5238
none,2048,128,0,82,decode,2131,2131,141.6015,0.777,142.3785
none,2048,128,0,83,decode,2132,2132,141.5851,0.8071,142.3923
none,2048,128,0,84,decode,2133,2133,141.6875,0.7661,142.4536
none,2048,128,0,85,decode,2134,2134,141.8229,0.7532,142.5761
none,2048,128,0,86,decode,2135,2135,141.8187,0.7722,142.5909
none,2048,128,0,87,decode,2136,2136,141.7612,0.8163,142.5775
none,2048,128,0,88,decode,2137,2137,141.6061,0.7614,142.3675
none,2048,128,0,89,decode,2138,2138,141.8049,0.9654,142.7703
none,2048,128,0,90,decode,2139,2139,142.0405,0.7826,142.8231
none,2048,128,0,91,decode,2140,2140,141.8528,0.7677,142.6205
none,2048,128,0,92,decode,2141,2141,141.8261,0.9253,142.7514
none,2048,128,0,93,decode,2142,2142,142.0737,0.775,142.8488
none,2048,128,0,94,decode,2143,2143,141.8609,1.0869,142.9479
none,2048,128,0,95,decode,2144,2144,142.1897,0.7872,142.9769
none,2048,128,0,96,decode,2145,2145,141.9986,0.8192,142.8178
none,2048,128,0,97,decode,2146,2146,142.0244,0.7418,142.7663
none,2048,128,0,98,decode,2147,2147,141.832,0.8195,142.6515
none,2048,128,0,99,decode,2148,2148,141.9953,0.7913,142.7866
none,2048,128,0,100,decode,2149,2149,142.0439,0.9734,143.0173
none,2048,128,0,101,decode,2150,2150,142.1197,0.7643,142.884
none,2048,128,0,102,decode,2151,2151,142.0187,0.7855,142.8042
none,2048,128,0,103,decode,2152,2152,142.0282,0.7445,142.7727
none,2048,128,0,104,decode,2153,2153,141.9306,0.741,142.6716
none,2048,128,0,105,decode,2154,2154,142.0532,0.8714,142.9246
none,2048,128,0,106,decode,2155,2155,142.3193,0.7804,143.0996
none,2048,128,0,107,decode,2156,2156,142.1048,0.7836,142.8885
none,2048,128,0,108,decode,2157,2157,142.1464,0.8122,142.9586
none,2048,128,0,109,decode,2158,2158,142.1805,1.0609,143.2415
none,2048,128,0,110,decode,2159,2159,142.4781,0.9615,143.4396
none,2048,128,0,111,decode,2160,2160,142.3704,0.8322,143.2026
none,2048,128,0,112,decode,2161,2161,142.2192,0.7786,142.9978
none,2048,128,0,113,decode,2162,2162,142.2042,0.7607,142.9649
none,2048,128,0,114,decode,2163,2163,142.2855,0.8061,143.0915
none,2048,128,0,115,decode,2164,2164,142.3202,0.7549,143.0751
none,2048,128,0,116,decode,2165,2165,142.1612,0.7644,142.9256
none,2048,128,0,117,decode,2166,2166,142.4062,0.7452,143.1514
none,2048,128,0,118,decode,2167,2167,142.2286,0.9613,143.1899
none,2048,128,0,119,decode,2168,2168,142.5376,0.7774,143.315
none,2048,128,0,120,decode,2169,2169,142.3295,0.7832,143.1127
none,2048,128,0,121,decode,2170,2170,142.3922,0.7779,143.1701
none,2048,128,0,122,decode,2171,2171,142.4192,0.829,143.2482
none,2048,128,0,123,decode,2172,2172,142.3789,1.1001,143.4791
none,2048,128,0,124,decode,2173,2173,142.7652,0.8489,143.6141
none,2048,128,0,125,decode,2174,2174,142.5512,1.0072,143.5583
none,2048,128,0,126,decode,2175,2175,142.6032,0.8201,143.4233
none,2048,128,0,127,decode,2176,2176,142.3771,0.7689,143.1459
contiguous,128,64,0,0,prefill,128,128,22.5632,0.3941,22.9573
contiguous,128,64,0,1,decode,1,129,26.5729,0.4033,26.9763
contiguous,128,64,0,2,decode,1,130,26.5589,0.39,26.9489
contiguous,128,64,0,3,decode,1,131,26.4784,0.3898,26.8682
contiguous,128,64,0,4,decode,1,132,26.4184,0.3797,26.798
contiguous,128,64,0,5,decode,1,133,26.3089,0.3974,26.7063
contiguous,128,64,0,6,decode,1,134,26.3103,0.3766,26.6869
contiguous,128,64,0,7,decode,1,135,26.4047,0.3816,26.7862
contiguous,128,64,0,8,decode,1,136,26.0864,0.4194,26.5058
contiguous,128,64,0,9,decode,1,137,26.5653,0.4022,26.9675
contiguous,128,64,0,10,decode,1,138,26.4981,0.418,26.916
contiguous,128,64,0,11,decode,1,139,26.5111,0.4345,26.9457
contiguous,128,64,0,12,decode,1,140,27.8846,0.4007,28.2854
contiguous,128,64,0,13,decode,1,141,27.9736,0.4766,28.4502
contiguous,128,64,0,14,decode,1,142,28.0011,0.418,28.4191
contiguous,128,64,0,15,decode,1,143,27.8606,0.3986,28.2593
contiguous,128,64,0,16,decode,1,144,25.9184,0.4081,26.3265
contiguous,128,64,0,17,decode,1,145,26.5185,0.4091,26.9277
contiguous,128,64,0,18,decode,1,146,26.4936,0.4293,26.9229
contiguous,128,64,0,19,decode,1,147,26.4443,0.4119,26.8561
contiguous,128,64,0,20,decode,1,148,26.4157,0.3801,26.7958
contiguous,128,64,0,21,decode,1,149,26.509,0.3783,26.8873
contiguous,128,64,0,22,decode,1,150,26.4166,0.3821,26.7987
contiguous,128,64,0,23,decode,1,151,26.4901,0.3951,26.8853
contiguous,128,64,0,24,decode,1,152,25.9296,0.3999,26.3295
contiguous,128,64,0,25,decode,1,153,26.4715,0.3805,26.852
contiguous,128,64,0,26,decode,1,154,26.4222,0.3949,26.8171
contiguous,128,64,0,27,decode,1,155,26.5252,0.3841,26.9092
contiguous,128,64,0,28,decode,1,156,26.4367,0.3802,26.8169
contiguous,128,64,0,29,decode,1,157,26.3747,0.3921,26.7667
contiguous,128,64,0,30,decode,1,158,26.4256,0.401,26.8266
contiguous,128,64,0,31,decode,1,159,26.3843,0.4025,26.7868
contiguous,128,64,0,32,decode,1,160,25.8344,0.436,26.2704
contiguous,128,64,0,33,decode,1,161,27.7507,0.3984,28.1491
contiguous,128,64,0,34,decode,1,162,27.734,0.388,28.122
contiguous,128,64,0,35,decode,1,163,26.4364,0.3832,26.8197
contiguous,128,64,0,36,decode,1,164,28.4167,0.5058,28.9225
contiguous,128,64,0,37,decode,1,165,30.5973,0.4965,31.0938
contiguous,128,64,0,38,decode,1,166,28.3048,0.4151,28.7199
contiguous,128,64,0,39,decode,1,167,27.8149,0.3911,28.206
contiguous,128,64,0,40,decode,1,168,25.8229,0.4106,26.2335
contiguous,128,64,0,41,decode,1,169,26.5415,0.4539,26.9954
contiguous,128,64,0,42,decode,1,170,26.6371,0.3871,27.0241
contiguous,128,64,0,43,decode,1,171,26.5986,0.3964,26.9949
contiguous,128,64,0,44,decode,1,172,26.4333,0.4033,26.8366
contiguous,128,64,0,45,decode,1,173,26.6784,0.4348,27.1132
contiguous,128,64,0,46,decode,1,174,28.1507,0.4885,28.6392
contiguous,128,64,0,47,decode,1,175,27.9512,0.4061,28.3572
contiguous,128,64,0,48,decode,1,176,27.1523,0.4349,27.5872
contiguous,128,64,0,49,decode,1,177,27.9086,0.4209,28.3296
contiguous,128,64,0,50,decode,1,178,27.9117,0.4266,28.3382
contiguous,128,64,0,51,decode,1,179,27.7388,0.4363,28.1751
contiguous,128,64,0,52,decode,1,180,28.292,0.5049,28.797
contiguous,128,64,0,53,decode,1,181,27.0314,0.4525,27.4839
contiguous,128,64,0,54,decode,1,182,27.7205,0.5123,28.2329
contiguous,128,64,0,55,decode,1,183,28.6049,0.4866,29.0915
contiguous,128,64,0,56,decode,1,184,27.528,0.4404,27.9684
contiguous,128,64,0,57,decode,1,185,27.9227,0.4046,28.3273
contiguous,128,64,0,58,decode,1,186,27.8729,0.4481,28.321
contiguous,128,64,0,59,decode,1,187,27.845,0.4084,28.2534
contiguous,128,64,0,60,decode,1,188,27.8324,0.4053,28.2377
contiguous,128,64,0,61,decode,1,189,27.8245,0.4226,28.2471
contiguous,128,64,0,62,decode,1,190,27.8511,0.4869,28.3381
contiguous,128,64,0,63,decode,1,191,28.0214,0.3986,28.42
contiguous,128,128,0,0,prefill,128,128,22.523,0.406,22.9289
contiguous,128,128,0,1,decode,1,129,26.4101,0.3769,26.787
contiguous,128,128,0,2,decode,1,130,26.4365,0.39,26.8265
contiguous,128,128,0,3,decode,1,131,27.9253,0.4812,28.4065
contiguous,128,128,0,4,decode,1,132,28.0693,0.421,28.4903
contiguous,128,128,0,5,decode,1,133,27.811,0.4179,28.2289
contiguous,128,128,0,6,decode,1,134,27.678,0.4153,28.0933
contiguous,128,128,0,7,decode,1,135,27.7664,0.4418,28.2082
contiguous,128,128,0,8,decode,1,136,26.9337,0.3963,27.33
contiguous,128,128,0,9,decode,1,137,27.6746,0.3972,28.0718
contiguous,128,128,0,10,decode,1,138,27.7197,0.4206,28.1402
contiguous,128,128,0,11,decode,1,139,27.7608,0.4424,28.2032
contiguous,128,128,0,12,decode,1,140,27.7871,0.3991,28.1862
contiguous,128,128,0,13,decode,1,141,26.4927,0.3797,26.8725
contiguous,128,128,0,14,decode,1,142,26.4099,0.3954,26.8053
contiguous,128,128,0,15,decode,1,143,26.6869,0.3956,27.0825
contiguous,128,128,0,16,decode,1,144,25.8706,0.3811,26.2517
contiguous,128,128,0,17,decode,1,145,26.4545,0.3845,26.839
contiguous,128,128,0,18,decode,1,146,27.7645,0.3981,28.1626
contiguous,128,128,0,19,decode,1,147,27.7336,0.421,28.1546
contiguous,128,128,0,20,decode,1,148,28.3389,0.5051,28.844
contiguous,128,128,0,21,decode,1,149,28.3694,0.4136,28.783
contiguous,128,128,0,22,decode,1,150,26.5141,0.3854,26.8994
contiguous,128,128,0,23,decode,1,151,26.3617,0.385,26.7467
contiguous,128,128,0,24,decode,1,152,25.8287,0.3879,26.2166
contiguous,128,128,0,25,decode,1,153,26.4013,0.3869,26.7882
contiguous,128,128,0,26,decode,1,154,26.3778,0.38,26.7578
contiguous,128,128,0,27,decode,1,155,26.3538,0.4009,26.7547
contiguous,128,128,0,28,decode,1,156,26.4047,0.4035,26.8082
contiguous,128,128,0,29,decode,1,157,26.3511,0.3985,26.7496
contiguous,128,128,0,30,decode,1,158,27.2917,0.4313,27.723
contiguous,128,128,0,31,decode,1,159,27.8868,0.4336,28.3205
contiguous,128,128,0,32,decode,1,160,27.1606,0.3992,27.5598
contiguous,128,128,0,33,decode,1,161,27.75,0.3973,28.1473
contiguous,128,128,0,34,decode,1,162,27.7256,0.4201,28.1457
contiguous,128,128,0,35,decode,1,163,27.7796,0.4019,28.1814
contiguous,128,128,0,36,decode,1,164,27.7129,0.398,28.1109
contiguous,128,128,0,37,decode,1,165,27.6626,0.3982,28.0609
contiguous,128,128,0,38,decode,1,166,27.719,0.4195,28.1385
contiguous,128,128,0,39,decode,1,167,27.8603,0.4495,28.3099
contiguous,128,128,0,40,decode,1,168,27.1677,0.4131,27.5809
contiguous,128,128,0,41,decode,1,169,27.8164,0.4247,28.2412
contiguous,128,128,0,42,decode,1,170,27.6668,0.4353,28.102
contiguous,128,128,0,43,decode,1,171,27.9093,0.4386,28.3479
contiguous,128,128,0,44,decode,1,172,26.6231,0.3883,27.0114
contiguous,128,128,0,45,decode,1,173,26.403,0.3901,26.7931
contiguous,128,128,0,46,decode,1,174,26.3914,0.3859,26.7774
contiguous,128,128,0,47,decode,1,175,26.3716,0.4217,26.7933
contiguous,128,128,0,48,decode,1,176,25.916,0.4175,26.3335
contiguous,128,128,0,49,decode,1,177,26.5962,0.3934,26.9896
contiguous,128,128,0,50,decode,1,178,26.462,0.3869,26.8489
contiguous,128,128,0,51,decode,1,179,26.467,0.407,26.8739
contiguous,128,128,0,52,decode,1,180,26.5362,0.3853,26.9215
contiguous,128,128,0,53,decode,1,181,26.6379,0.385,27.0229
contiguous,128,128,0,54,decode,1,182,26.4508,0.3853,26.8362
contiguous,128,128,0,55,decode,1,183,26.4007,0.3851,26.7859
contiguous,128,128,0,56,decode,1,184,25.7995,0.3844,26.1839
contiguous,128,128,0,57,decode,1,185,27.28,0.4103,27.6903
contiguous,128,128,0,58,decode,1,186,27.8553,0.408,28.2634
contiguous,128,128,0,59,decode,1,187,27.7024,0.4061,28.1086
contiguous,128,128,0,60,decode,1,188,27.7592,0.4271,28.1863
contiguous,128,128,0,61,decode,1,189,27.8091,0.4194,28.2285
contiguous,128,128,0,62,decode,1,190,27.8686,0.4128,28.2815
contiguous,128,128,0,63,decode,1,191,28.0061,0.5257,28.5318
contiguous,128,128,0,64,decode,1,192,27.8426,0.4877,28.3302
contiguous,128,128,0,65,decode,1,193,28.3721,0.511,28.8831
contiguous,128,128,0,66,decode,1,194,28.9049,0.5477,29.4526
contiguous,128,128,0,67,decode,1,195,28.349,0.4515,28.8006
contiguous,128,128,0,68,decode,1,196,27.8123,0.4051,28.2174
contiguous,128,128,0,69,decode,1,197,27.7103,0.4051,28.1155
contiguous,128,128,0,70,decode,1,198,27.6653,0.4112,28.0765
contiguous,128,128,0,71,decode,1,199,27.7811,0.4273,28.2084
contiguous,128,128,0,72,decode,1,200,27.0818,0.4094,27.4913
contiguous,128,128,0,73,decode,1,201,27.7263,0.4282,28.1545
contiguous,128,128,0,74,decode,1,202,27.8057,0.4755,28.2812
contiguous,128,128,0,75,decode,1,203,27.9689,0.4082,28.3771
contiguous,128,128,0,76,decode,1,204,26.5058,0.3961,26.9019
contiguous,128,128,0,77,decode,1,205,26.4533,0.3854,26.8387
contiguous,128,128,0,78,decode,1,206,26.4965,0.3937,26.8902
contiguous,128,128,0,79,decode,1,207,26.6183,0.4083,27.0266
contiguous,128,128,0,80,decode,1,208,27.1586,0.4383,27.5969
contiguous,128,128,0,81,decode,1,209,27.7418,0.4053,28.1471
contiguous,128,128,0,82,decode,1,210,26.4509,0.3912,26.8421
contiguous,128,128,0,83,decode,1,211,26.4192,0.4037,26.8229
contiguous,128,128,0,84,decode,1,212,26.4548,0.4276,26.8824
contiguous,128,128,0,85,decode,1,213,26.5085,0.4293,26.9378
contiguous,128,128,0,86,decode,1,214,26.421,0.4113,26.8322
contiguous,128,128,0,87,decode,1,215,26.7792,0.431,27.2102
contiguous,128,128,0,88,decode,1,216,25.9683,0.3975,26.3658
contiguous,128,128,0,89,decode,1,217,26.4059,0.3921,26.798
contiguous,128,128,0,90,decode,1,218,26.4356,0.3883,26.8238
contiguous,128,128,0,91,decode,1,219,26.3924,0.3914,26.7837
contiguous,128,128,0,92,decode,1,220,26.7496,0.4293,27.1789
contiguous,128,128,0,93,decode,1,221,27.8083,0.4466,28.2549
contiguous,128,128,0,94,decode,1,222,27.7995,0.4219,28.2214
contiguous,128,128,0,95,decode,1,223,27.7659,0.4282,28.1941
contiguous,128,128,0,96,decode,1,224,27.1184,0.4351,27.5535
contiguous,128,128,0,97,decode,1,225,27.8497,0.4133,28.263
contiguous,128,128,0,98,decode,1,226,27.5966,0.4039,28.0005
contiguous,128,128,0,99,decode,1,227,27.3372,0.3917,27.7289
contiguous,128,128,0,100,decode,1,228,26.4479,0.4013,26.8492
contiguous,128,128,0,101,decode,1,229,26.4254,0.4086,26.834
contiguous,128,128,0,102,decode,1,230,26.5136,0.4167,26.9304
contiguous,128,128,0,103,decode,1,231,26.4203,0.4426,26.8629
contiguous,128,128,0,104,decode,1,232,25.8489,0.3988,26.2477
contiguous,128,128,0,105,decode,1,233,26.4339,0.3896,26.8235
contiguous,128,128,0,106,decode,1,234,26.4138,0.3935,26.8073
contiguous,128,128,0,107,decode,1,235,26.3827,0.4207,26.8034
contiguous,128,128,0,108,decode,1,236,26.3995,0.4133,26.8128
contiguous,128,128,0,109,decode,1,237,26.3863,0.4116,26.7979
contiguous,128,128,0,110,decode,1,238,26.3881,0.3974,26.7855
contiguous,128,128,0,111,decode,1,239,26.5969,0.4787,27.0757
contiguous,128,128,0,112,decode,1,240,26.0453,0.4041,26.4494
contiguous,128,128,0,113,decode,1,241,26.4697,0.4004,26.8701
contiguous,128,128,0,114,decode,1,242,26.4471,0.4046,26.8517
contiguous,128,128,0,115,decode,1,243,26.4421,0.4153,26.8574
contiguous,128,128,0,116,decode,1,244,26.4519,0.4128,26.8647
contiguous,128,128,0,117,decode,1,245,26.3839,0.4168,26.8006
contiguous,128,128,0,118,decode,1,246,26.3917,0.4152,26.8069
contiguous,128,128,0,119,decode,1,247,26.4206,0.4148,26.8354
contiguous,128,128,0,120,decode,1,248,25.8262,0.4158,26.242
contiguous,128,128,0,121,decode,1,249,26.4239,0.4318,26.8557
contiguous,128,128,0,122,decode,1,250,27.3025,0.4641,27.7666
contiguous,128,128,0,123,decode,1,251,27.8301,0.4264,28.2565
contiguous,128,128,0,124,decode,1,252,27.6837,0.4194,28.1031
contiguous,128,128,0,125,decode,1,253,26.6891,0.3964,27.0856
contiguous,128,128,0,126,decode,1,254,26.3958,0.3961,26.7919
contiguous,128,128,0,127,decode,1,255,26.4586,0.3943,26.8529
contiguous,512,64,0,0,prefill,512,512,37.9089,0.5082,38.4171
contiguous,512,64,0,1,decode,1,513,27.4603,0.4393,27.8996
contiguous,512,64,0,2,decode,1,514,27.2174,0.4418,27.6592
contiguous,512,64,0,3,decode,1,515,27.2297,0.4516,27.6814
contiguous,512,64,0,4,decode,1,516,28.502,0.5734,29.0754
contiguous,512,64,0,5,decode,1,517,29.0724,0.5127,29.5851
contiguous,512,64,0,6,decode,1,518,27.5386,0.4707,28.0093
contiguous,512,64,0,7,decode,1,519,27.141,0.443,27.584
contiguous,512,64,0,8,decode,1,520,26.7271,0.4724,27.1995
contiguous,512,64,0,9,decode,1,521,27.2717,0.4367,27.7084
contiguous,512,64,0,10,decode,1,522,27.3069,0.4364,27.7433
contiguous,512,64,0,11,decode,1,523,30.9581,0.6091,31.5672
contiguous,512,64,0,12,decode,1,524,32.3086,0.6217,32.9303
contiguous,512,64,0,13,decode,1,525,29.4163,0.5842,30.0005
contiguous,512,64,0,14,decode,1,526,29.1724,0.4984,29.6708
contiguous,512,64,0,15,decode,1,527,28.5559,0.4595,29.0154
contiguous,512,64,0,16,decode,1,528,26.6362,0.4688,27.1051
contiguous,512,64,0,17,decode,1,529,27.3003,0.4624,27.7626
contiguous,512,64,0,18,decode,1,530,27.2334,0.4408,27.6742
contiguous,512,64,0,19,decode,1,531,28.3937,0.4582,28.852
contiguous,512,64,0,20,decode,1,532,28.0263,0.4713,28.4977
contiguous,512,64,0,21,decode,1,533,27.2317,0.4617,27.6934
contiguous,512,64,0,22,decode,1,534,27.2782,0.4455,27.7237
contiguous,512,64,0,23,decode,1,535,28.5838,0.4778,29.0617
contiguous,512,64,0,24,decode,1,536,27.9619,0.4714,28.4333
contiguous,512,64,0,25,decode,1,537,28.4915,0.4769,28.9683
contiguous,512,64,0,26,decode,1,538,28.8649,0.4963,29.3612
contiguous,512,64,0,27,decode,1,539,27.4146,0.4471,27.8617
contiguous,512,64,0,28,decode,1,540,27.2237,0.4607,27.6843
contiguous,512,64,0,29,decode,1,541,27.2009,0.4764,27.6773
contiguous,512,64,0,30,decode,1,542,27.4041,0.4609,27.865
contiguous,512,64,0,31,decode,1,543,28.1795,0.4491,28.6286
contiguous,512,64,0,32,decode,1,544,26.4787,0.4444,26.9231
contiguous,512,64,0,33,decode,1,545,27.1043,0.4565,27.5608
contiguous,512,64,0,34,decode,1,546,27.9715,0.479,28.4506
contiguous,512,64,0,35,decode,1,547,28.5712,0.4973,29.0685
contiguous,512,64,0,36,decode,1,548,28.5717,0.484,29.0558
contiguous,512,64,0,37,decode,1,549,28.5787,0.4776,29.0562
contiguous,512,64,0,38,decode,1,550,28.5216,0.4983,29.0199
contiguous,512,64,0,39,decode,1,551,28.6141,0.4491,29.0632
contiguous,512,64,0,40,decode,1,552,26.5893,0.4532,27.0425
contiguous,512,64,0,41,decode,1,553,28.1742,0.4811,28.6552
contiguous,512,64,0,42,decode,1,554,27.3478,0.4732,27.821
contiguous,512,64,0,43,decode,1,555,28.171,0.4665,28.6374
contiguous,512,64,0,44,decode,1,556,27.2923,0.4437,27.7359
contiguous,512,64,0,45,decode,1,557,27.2615,0.4625,27.724
contiguous,512,64,0,46,decode,1,558,28.185,0.496,28.681
contiguous,512,64,0,47,decode,1,559,28.501,0.48,28.981
contiguous,512,64,0,48,decode,1,560,28.1472,0.5105,28.6577
contiguous,512,64,0,49,decode,1,561,28.7067,0.4749,29.1816
contiguous,512,64,0,50,decode,1,562,27.2151,0.4432,27.6583
contiguous,512,64,0,51,decode,1,563,28.2985,0.4554,28.7539
contiguous,512,64,0,52,decode,1,564,27.314,0.4462,27.7602
contiguous,512,64,0,53,decode,1,565,27.2049,0.4644,27.6693
contiguous,512,64,0,54,decode,1,566,28.6388,0.5099,29.1487
contiguous,512,64,0,55,decode,1,567,28.725,0.5068,29.2318
contiguous,512,64,0,56,decode,1,568,28.0881,0.517,28.6051
contiguous,512,64,0,57,decode,1,569,28.4802,0.4716,28.9518
contiguous,512,64,0,58,decode,1,570,27.1624,0.4629,27.6253
contiguous,512,64,0,59,decode,1,571,27.5395,0.4719,28.0114
contiguous,512,64,0,60,decode,1,572,27.1811,0.4493,27.6304
contiguous,512,64,0,61,decode,1,573,27.2454,0.4564,27.7017
contiguous,512,64,0,62,decode,1,574,27.1616,0.4758,27.6374
contiguous,512,64,0,63,decode,1,575,27.1388,0.4475,27.5863
contiguous,512,128,0,0,prefill,512,512,37.6395,0.4887,38.1282
contiguous,512,128,0,1,decode,1,513,27.3828,0.4697,27.8525
contiguous,512,128,0,2,decode,1,514,27.5011,0.436,27.9371
contiguous,512,128,0,3,decode,1,515,27.1589,0.4654,27.6243
contiguous,512,128,0,4,decode,1,516,27.166,0.4386,27.6046
contiguous,512,128,0,5,decode,1,517,28.0937,0.5402,28.6339
contiguous,512,128,0,6,decode,1,518,27.5298,0.4397,27.9695
contiguous,512,128,0,7,decode,1,519,27.1691,0.4667,27.6358
contiguous,512,128,0,8,decode,1,520,27.2249,0.4928,27.7177
contiguous,512,128,0,9,decode,1,521,28.5185,0.4694,28.9879
contiguous,512,128,0,10,decode,1,522,27.1687,0.4362,27.6049
contiguous,512,128,0,11,decode,1,523,27.1379,0.4489,27.5868
contiguous,512,128,0,12,decode,1,524,27.1661,0.4733,27.6394
contiguous,512,128,0,13,decode,1,525,27.3405,0.4562,27.7966
contiguous,512,128,0,14,decode,1,526,28.7258,0.5093,29.2351
contiguous,512,128,0,15,decode,1,527,27.5578,0.5748,28.1326
contiguous,512,128,0,16,decode,1,528,28.9244,0.5015,29.4259
contiguous,512,128,0,17,decode,1,529,28.605,0.4862,29.0912
contiguous,512,128,0,18,decode,1,530,28.5618,0.4605,29.0224
contiguous,512,128,0,19,decode,1,531,27.1913,0.4391,27.6304
contiguous,512,128,0,20,decode,1,532,32.2338,0.598,32.8319
contiguous,512,128,0,21,decode,1,533,32.4521,0.5517,33.0038
contiguous,512,128,0,22,decode,1,534,29.3063,0.5432,29.8495
contiguous,512,128,0,23,decode,1,535,27.741,0.4725,28.2135
contiguous,512,128,0,24,decode,1,536,26.7139,0.485,27.1989
contiguous,512,128,0,25,decode,1,537,27.7925,0.4726,28.265
contiguous,512,128,0,26,decode,1,538,28.1965,0.5051,28.7016
contiguous,512,128,0,27,decode,1,539,28.8978,0.4958,29.3936
contiguous,512,128,0,28,decode,1,540,28.6197,0.4877,29.1073
contiguous,512,128,0,29,decode,1,541,28.5613,0.4693,29.0306
contiguous,512,128,0,30,decode,1,542,27.208,0.4403,27.6483
contiguous,512,128,0,31,decode,1,543,27.2356,0.4537,27.6893
contiguous,512,128,0,32,decode,1,544,27.5509,0.483,28.034
contiguous,512,128,0,33,decode,1,545,28.5486,0.4598,29.0084
contiguous,512,128,0,34,decode,1,546,28.6276,0.4707,29.0983
contiguous,512,128,0,35,decode,1,547,28.7088,0.5078,29.2167
contiguous,512,128,0,36,decode,1,548,28.6166,0.4678,29.0845
contiguous,512,128,0,37,decode,1,549,27.314,0.4656,27.7795
contiguous,512,128,0,38,decode,1,550,27.4314,0.4668,27.8982
contiguous,512,128,0,39,decode,1,551,27.1826,0.4482,27.6308
contiguous,512,128,0,40,decode,1,552,26.5726,0.4426,27.0151
contiguous,512,128,0,41,decode,1,553,27.4429,0.4587,27.9016
contiguous,512,128,0,42,decode,1,554,28.5046,0.4495,28.9541
contiguous,512,128,0,43,decode,1,555,28.0598,0.4698,28.5296
contiguous,512,128,0,44,decode,1,556,27.899,0.4678,28.3668
contiguous,512,128,0,45,decode,1,557,28.5034,0.4666,28.97
contiguous,512,128,0,46,decode,1,558,28.5007,0.4597,28.9604
contiguous,512,128,0,47,decode,1,559,28.4761,0.4597,28.9358
contiguous,512,128,0,48,decode,1,560,26.5422,0.4407,26.983
contiguous,512,128,0,49,decode,1,561,27.4772,0.4641,27.9413
contiguous,512,128,0,50,decode,1,562,28.5778,0.4448,29.0226
contiguous,512,128,0,51,decode,1,563,28.0667,0.4989,28.5656
contiguous,512,128,0,52,decode,1,564,27.6473,0.4819,28.1292
contiguous,512,128,0,53,decode,1,565,28.5316,0.4651,28.9967
contiguous,512,128,0,54,decode,1,566,28.5038,0.4613,28.9652
contiguous,512,128,0,55,decode,1,567,28.5911,0.4498,29.041
contiguous,512,128,0,56,decode,1,568,26.5012,0.4446,26.9458
contiguous,512,128,0,57,decode,1,569,27.1693,0.4412,27.6105
contiguous,512,128,0,58,decode,1,570,27.2355,0.4733,27.7088
contiguous,512,128,0,59,decode,1,571,27.3218,0.4842,27.806
contiguous,512,128,0,60,decode,1,572,27.7691,0.4824,28.2515
contiguous,512,128,0,61,decode,1,573,28.6951,0.4639,29.159
contiguous,512,128,0,62,decode,1,574,27.2145,0.4561,27.6705
contiguous,512,128,0,63,decode,1,575,27.1941,0.4724,27.6665
contiguous,512,128,0,64,decode,1,576,26.5357,0.4765,27.0122
contiguous,512,128,0,65,decode,1,577,27.1045,0.4412,27.5457
contiguous,512,128,0,66,decode,1,578,27.1703,0.4456,27.6159
contiguous,512,128,0,67,decode,1,579,27.1247,0.4638,27.5885
contiguous,512,128,0,68,decode,1,580,27.1673,0.4472,27.6145
contiguous,512,128,0,69,decode,1,581,28.5572,0.5097,29.0669
contiguous,512,128,0,70,decode,1,582,28.5953,0.5013,29.0966
contiguous,512,128,0,71,decode,1,583,28.5876,0.4717,29.0593
contiguous,512,128,0,72,decode,1,584,26.8104,0.448,27.2584
contiguous,512,128,0,73,decode,1,585,27.2829,0.4633,27.7462
contiguous,512,128,0,74,decode,1,586,28.2795,0.5435,28.8229
contiguous,512,128,0,75,decode,1,587,27.5319,0.4515,27.9834
contiguous,512,128,0,76,decode,1,588,27.1701,0.4807,27.6508
contiguous,512,128,0,77,decode,1,589,27.5255,0.4752,28.0007
contiguous,512,128,0,78,decode,1,590,27.8185,0.4727,28.2912
contiguous,512,128,0,79,decode,1,591,28.5486,0.4645,29.0131
contiguous,512,128,0,80,decode,1,592,27.9166,0.4878,28.4044
contiguous,512,128,0,81,decode,1,593,28.5378,0.5052,29.0431
contiguous,512,128,0,82,decode,1,594,28.5814,0.4899,29.0714
contiguous,512,128,0,83,decode,1,595,27.2822,0.4698,27.752
contiguous,512,128,0,84,decode,1,596,27.1851,0.4478,27.6329
contiguous,512,128,0,85,decode,1,597,27.2518,0.449,27.7008
contiguous,512,128,0,86,decode,1,598,27.289,0.4647,27.7537
contiguous,512,128,0,87,decode,1,599,27.23,0.479,27.709
contiguous,512,128,0,88,decode,1,600,26.5422,0.4691,27.0112
contiguous,512,128,0,89,decode,1,601,27.2318,0.4717,27.7035
contiguous,512,128,0,90,decode,1,602,27.5624,0.5016,28.064
contiguous,512,128,0,91,decode,1,603,28.544,0.4934,29.0374
contiguous,512,128,0,92,decode,1,604,28.539,0.4503,28.9893
contiguous,512,128,0,93,decode,1,605,29.9514,0.6558,30.6072
contiguous,512,128,0,94,decode,1,606,32.424,0.6188,33.0428
contiguous,512,128,0,95,decode,1,607,30.461,0.6137,31.0747
contiguous,512,128,0,96,decode,1,608,28.5961,0.5447,29.1408
contiguous,512,128,0,97,decode,1,609,28.7301,0.4948,29.2249
contiguous,512,128,0,98,decode,1,610,28.5145,0.4962,29.0108
contiguous,512,128,0,99,decode,1,611,28.5929,0.4748,29.0676
contiguous,512,128,0,100,decode,1,612,27.2404,0.4753,27.7157
contiguous,512,128,0,101,decode,1,613,27.2167,0.4541,27.6708
contiguous,512,128,0,102,decode,1,614,27.227,0.4675,27.6945
contiguous,512,128,0,103,decode,1,615,27.1947,0.4833,27.678
contiguous,512,128,0,104,decode,1,616,27.5451,0.5502,28.0953
contiguous,512,128,0,105,decode,1,617,28.659,0.4801,29.1391
contiguous,512,128,0,106,decode,1,618,28.539,0.4714,29.0104
contiguous,512,128,0,107,decode,1,619,28.5834,0.4683,29.0517
contiguous,512,128,0,108,decode,1,620,28.5255,0.5045,29.03
contiguous,512,128,0,109,decode,1,621,27.2756,0.4578,27.7334
contiguous,512,128,0,110,decode,1,622,27.2352,0.4599,27.6951
contiguous,512,128,0,111,decode,1,623,27.158,0.487,27.6449
contiguous,512,128,0,112,decode,1,624,26.6268,0.4525,27.0793
contiguous,512,128,0,113,decode,1,625,28.3033,0.519,28.8223
contiguous,512,128,0,114,decode,1,626,28.6212,0.4622,29.0834
contiguous,512,128,0,115,decode,1,627,27.4144,0.4657,27.8801
contiguous,512,128,0,116,decode,1,628,27.2765,0.4759,27.7524
contiguous,512,128,0,117,decode,1,629,28.0728,0.5343,28.6071
contiguous,512,128,0,118,decode,1,630,28.7323,0.558,29.2903
contiguous,512,128,0,119,decode,1,631,28.5668,0.4764,29.0432
contiguous,512,128,0,120,decode,1,632,26.5663,0.4531,27.0194
contiguous,512,128,0,121,decode,1,633,28.1833,0.5168,28.7001
contiguous,512,128,0,122,decode,1,634,28.6603,0.4772,29.1375
contiguous,512,128,0,123,decode,1,635,27.2438,0.4803,27.7242
contiguous,512,128,0,124,decode,1,636,27.2273,0.4733,27.7006
contiguous,512,128,0,125,decode,1,637,27.1809,0.4641,27.645
contiguous,512,128,0,126,decode,1,638,28.7009,0.5071,29.208
contiguous,512,128,0,127,decode,1,639,28.6329,0.4903,29.1233
contiguous,2048,64,0,0,prefill,2048,2048,133.4379,0.785,134.2229
contiguous,2048,64,0,1,decode,1,2049,30.8543,0.7203,31.5746
contiguous,2048,64,0,2,decode,1,2050,30.3545,0.696,31.0504
contiguous,2048,64,0,3,decode,1,2051,30.2583,0.6954,30.9537
contiguous,2048,64,0,4,decode,1,2052,30.3106,0.7085,31.0192
contiguous,2048,64,0,5,decode,1,2053,30.2544,0.7068,30.9612
contiguous,2048,64,0,6,decode,1,2054,31.3649,0.7442,32.1091
contiguous,2048,64,0,7,decode,1,2055,31.8432,0.6904,32.5336
contiguous,2048,64,0,8,decode,1,2056,30.7382,0.725,31.4632
contiguous,2048,64,0,9,decode,1,2057,30.4196,0.6916,31.1112
contiguous,2048,64,0,10,decode,1,2058,30.5984,0.6698,31.2682
contiguous,2048,64,0,11,decode,1,2059,31.1978,0.6816,31.8794
contiguous,2048,64,0,12,decode,1,2060,30.4483,0.7015,31.1498
contiguous,2048,64,0,13,decode,1,2061,30.3078,0.7007,31.0085
contiguous,2048,64,0,14,decode,1,2062,31.4484,0.7591,32.2075
contiguous,2048,64,0,15,decode,1,2063,31.845,0.6976,32.5426
contiguous,2048,64,0,16,decode,1,2064,29.7771,0.683,30.4601
contiguous,2048,64,0,17,decode,1,2065,30.2416,0.6883,30.9298
contiguous,2048,64,0,18,decode,1,2066,30.2847,0.6951,30.9798
contiguous,2048,64,0,19,decode,1,2067,30.2365,0.6935,30.93
contiguous,2048,64,0,20,decode,1,2068,30.2724,0.7233,30.9957
contiguous,2048,64,0,21,decode,1,2069,30.987,0.724,31.711
contiguous,2048,64,0,22,decode,1,2070,31.7103,0.7105,32.4209
contiguous,2048,64,0,23,decode,1,2071,31.6241,0.708,32.3321
contiguous,2048,64,0,24,decode,1,2072,30.4472,0.7093,31.1565
contiguous,2048,64,0,25,decode,1,2073,31.4816,0.6973,32.1789
contiguous,2048,64,0,26,decode,1,2074,31.5631,0.688,32.2511
contiguous,2048,64,0,27,decode,1,2075,31.5561,0.7553,32.3114
contiguous,2048,64,0,28,decode,1,2076,31.906,0.6974,32.6033
contiguous,2048,64,0,29,decode,1,2077,31.6346,0.6967,32.3313
contiguous,2048,64,0,30,decode,1,2078,30.1543,0.703,30.8573
contiguous,2048,64,0,31,decode,1,2079,34.7833,0.8482,35.6315
contiguous,2048,64,0,32,decode,1,2080,34.7895,0.8022,35.5917
contiguous,2048,64,0,33,decode,1,2081,32.336,0.8118,33.1479
contiguous,2048,64,0,34,decode,1,2082,32.1221,0.7108,32.8329
contiguous,2048,64,0,35,decode,1,2083,31.7065,0.7092,32.4157
contiguous,2048,64,0,36,decode,1,2084,31.575,0.7005,32.2755
contiguous,2048,64,0,37,decode,1,2085,31.7029,0.7145,32.4174
contiguous,2048,64,0,38,decode,1,2086,31.5034,0.6997,32.203
contiguous,2048,64,0,39,decode,1,2087,31.5073,0.6991,32.2064
contiguous,2048,64,0,40,decode,1,2088,31.006,0.7036,31.7096
contiguous,2048,64,0,41,decode,1,2089,31.5566,0.6962,32.2528
contiguous,2048,64,0,42,decode,1,2090,31.5613,0.6785,32.2397
contiguous,2048,64,0,43,decode,1,2091,30.4947,0.7038,31.1985
contiguous,2048,64,0,44,decode,1,2092,30.9498,0.7065,31.6563
contiguous,2048,64,0,45,decode,1,2093,32.1223,0.7865,32.9088
contiguous,2048,64,0,46,decode,1,2094,31.8803,0.7143,32.5946
contiguous,2048,64,0,47,decode,1,2095,30.4852,0.6777,31.1629
contiguous,2048,64,0,48,decode,1,2096,30.7166,0.712,31.4285
contiguous,2048,64,0,49,decode,1,2097,31.4491,0.698,32.1472
contiguous,2048,64,0,50,decode,1,2098,30.7745,0.7368,31.5113
contiguous,2048,64,0,51,decode,1,2099,30.3953,0.6997,31.0951
contiguous,2048,64,0,52,decode,1,2100,30.2388,0.7155,30.9543
contiguous,2048,64,0,53,decode,1,2101,30.2098,0.7244,30.9341
contiguous,2048,64,0,54,decode,1,2102,30.2086,0.7024,30.911
contiguous,2048,64,0,55,decode,1,2103,31.2933,0.7205,32.0138
contiguous,2048,64,0,56,decode,1,2104,30.5148,0.7042,31.2191
contiguous,2048,64,0,57,decode,1,2105,31.6039,0.6789,32.2828
contiguous,2048,64,0,58,decode,1,2106,31.2879,0.677,31.9649
contiguous,2048,64,0,59,decode,1,2107,31.512,0.7092,32.2212
contiguous,2048,64,0,60,decode,1,2108,31.5406,0.7215,32.2621
contiguous,2048,64,0,61,decode,1,2109,31.7083,0.7168,32.4251
contiguous,2048,64,0,62,decode,1,2110,31.583,0.7353,32.3183
contiguous,2048,64,0,63,decode,1,2111,31.606,0.7024,32.3084
contiguous,2048,128,0,0,prefill,2048,2048,133.263,0.7814,134.0444
contiguous,2048,128,0,1,decode,1,2049,30.7336,0.6986,31.4322
contiguous,2048,128,0,2,decode,1,2050,31.4098,0.7202,32.1299
contiguous,2048,128,0,3,decode,1,2051,31.4809,0.7013,32.1822
contiguous,2048,128,0,4,decode,1,2052,31.5827,0.6914,32.2741
contiguous,2048,128,0,5,decode,1,2053,31.7778,0.7058,32.4837
contiguous,2048,128,0,6,decode,1,2054,31.7726,0.734,32.5065
contiguous,2048,128,0,7,decode,1,2055,30.5185,0.7073,31.2258
contiguous,2048,128,0,8,decode,1,2056,29.7131,0.6865,30.3996
contiguous,2048,128,0,9,decode,1,2057,30.998,0.745,31.743
contiguous,2048,128,0,10,decode,1,2058,31.6687,0.6783,32.347
contiguous,2048,128,0,11,decode,1,2059,31.6582,0.705,32.3633
contiguous,2048,128,0,12,decode,1,2060,30.8138,0.6807,31.4945
contiguous,2048,128,0,13,decode,1,2061,30.7354,0.7337,31.4691
contiguous,2048,128,0,14,decode,1,2062,31.6312,0.6982,32.3294
contiguous,2048,128,0,15,decode,1,2063,31.6673,0.7089,32.3762
contiguous,2048,128,0,16,decode,1,2064,30.5601,0.7171,31.2772
contiguous,2048,128,0,17,decode,1,2065,31.6771,0.6807,32.3578
contiguous,2048,128,0,18,decode,1,2066,31.6259,0.7013,32.3272
contiguous,2048,128,0,19,decode,1,2067,31.5386,0.6987,32.2373
contiguous,2048,128,0,20,decode,1,2068,30.2609,0.6919,30.9528
contiguous,2048,128,0,21,decode,1,2069,31.2333,0.7211,31.9544
contiguous,2048,128,0,22,decode,1,2070,31.6219,0.6776,32.2995
contiguous,2048,128,0,23,decode,1,2071,31.5949,0.7138,32.3086
contiguous,2048,128,0,24,decode,1,2072,30.447,0.7047,31.1517
contiguous,2048,128,0,25,decode,1,2073,31.6574,0.7029,32.3603
contiguous,2048,128,0,26,decode,1,2074,31.8938,0.7538,32.6476
contiguous,2048,128,0,27,decode,1,2075,31.8059,0.711,32.5169
contiguous,2048,128,0,28,decode,1,2076,32.4701,0.8664,33.3365
contiguous,2048,128,0,29,decode,1,2077,36.0216,0.8691,36.8907
contiguous,2048,128,0,30,decode,1,2078,33.5061,0.7778,34.2839
contiguous,2048,128,0,31,decode,1,2079,30.6435,0.7775,31.4211
contiguous,2048,128,0,32,decode,1,2080,30.2556,0.7419,30.9976
contiguous,2048,128,0,33,decode,1,2081,31.6637,0.6958,32.3595
contiguous,2048,128,0,34,decode,1,2082,31.6879,0.753,32.4409
contiguous,2048,128,0,35,decode,1,2083,31.5677,0.7138,32.2814
contiguous,2048,128,0,36,decode,1,2084,30.3489,0.681,31.0299
contiguous,2048,128,0,37,decode,1,2085,30.3259,0.6698,30.9957
contiguous,2048,128,0,38,decode,1,2086,30.313,0.6822,30.9953
contiguous,2048,128,0,39,decode,1,2087,30.3713,0.6979,31.0692
contiguous,2048,128,0,40,decode,1,2088,30.6253,0.7278,31.3531
contiguous,2048,128,0,41,decode,1,2089,31.6335,0.6882,32.3217
contiguous,2048,128,0,42,decode,1,2090,31.4405,0.6864,32.1268
contiguous,2048,128,0,43,decode,1,2091,30.3751,0.6995,31.0746
contiguous,2048,128,0,44,decode,1,2092,30.3157,0.697,31.0127
contiguous,2048,128,0,45,decode,1,2093,30.2318,0.7013,30.9331
contiguous,2048,128,0,46,decode,1,2094,31.3108,0.7868,32.0976
contiguous,2048,128,0,47,decode,1,2095,31.7813,0.6953,32.4766
contiguous,2048,128,0,48,decode,1,2096,30.7443,0.7249,31.4692
contiguous,2048,128,0,49,decode,1,2097,31.7764,0.709,32.4854
contiguous,2048,128,0,50,decode,1,2098,31.5795,0.7201,32.2996
contiguous,2048,128,0,51,decode,1,2099,31.533,0.7119,32.2449
contiguous,2048,128,0,52,decode,1,2100,31.6008,0.6903,32.2911
contiguous,2048,128,0,53,decode,1,2101,31.5573,0.7368,32.2941
contiguous,2048,128,0,54,decode,1,2102,31.6754,0.6996,32.375
contiguous,2048,128,0,55,decode,1,2103,30.4668,0.6773,31.144
contiguous,2048,128,0,56,decode,1,2104,30.5944,0.7263,31.3207
contiguous,2048,128,0,57,decode,1,2105,31.6992,0.6933,32.3924
contiguous,2048,128,0,58,decode,1,2106,31.6235,0.7306,32.354
contiguous,2048,128,0,59,decode,1,2107,31.5058,0.7244,32.2302
contiguous,2048,128,0,60,decode,1,2108,30.2264,0.6984,30.9248
contiguous,2048,128,0,61,decode,1,2109,30.2571,0.7062,30.9633
contiguous,2048,128,0,62,decode,1,2110,30.2005,0.7127,30.9132
contiguous,2048,128,0,63,decode,1,2111,31.5571,0.701,32.2581
contiguous,2048,128,0,64,decode,1,2112,30.8324,0.7066,31.539
contiguous,2048,128,0,65,decode,1,2113,30.7281,0.744,31.4721
contiguous,2048,128,0,66,decode,1,2114,31.6366,0.7094,32.3459
contiguous,2048,128,0,67,decode,1,2115,30.6,0.6929,31.2929
contiguous,2048,128,0,68,decode,1,2116,30.2846,0.68,30.9647
contiguous,2048,128,0,69,decode,1,2117,30.3515,0.6859,31.0374
contiguous,2048,128,0,70,decode,1,2118,31.2694,0.7128,31.9823
contiguous,2048,128,0,71,decode,1,2119,31.6728,0.7133,32.3861
contiguous,2048,128,0,72,decode,1,2120,31.0597,0.7266,31.7863
contiguous,2048,128,0,73,decode,1,2121,31.8145,0.7121,32.5266
contiguous,2048,128,0,74,decode,1,2122,32.5075,0.7937,33.3012
contiguous,2048,128,0,75,decode,1,2123,30.6617,0.6902,31.3519
contiguous,2048,128,0,76,decode,1,2124,30.4098,0.6865,31.0963
contiguous,2048,128,0,77,decode,1,2125,31.138,0.7117,31.8497
contiguous,2048,128,0,78,decode,1,2126,31.6857,0.7284,32.4141
contiguous,2048,128,0,79,decode,1,2127,31.6118,0.711,32.3227
contiguous,2048,128,0,80,decode,1,2128,29.8542,0.7346,30.5889
contiguous,2048,128,0,81,decode,1,2129,31.6714,0.7175,32.3889
contiguous,2048,128,0,82,decode,1,2130,31.6931,0.7257,32.4187
contiguous,2048,128,0,83,decode,1,2131,31.4445,0.7216,32.166
contiguous,2048,128,0,84,decode,1,2132,31.7326,0.733,32.4657
contiguous,2048,128,0,85,decode,1,2133,30.4117,0.7138,31.1255
contiguous,2048,128,0,86,decode,1,2134,30.2262,0.7018,30.928
contiguous,2048,128,0,87,decode,1,2135,30.232,0.7234,30.9555
contiguous,2048,128,0,88,decode,1,2136,30.1203,0.727,30.8473
contiguous,2048,128,0,89,decode,1,2137,30.2803,0.7198,31.0001
contiguous,2048,128,0,90,decode,1,2138,30.2241,0.7039,30.928
contiguous,2048,128,0,91,decode,1,2139,30.588,0.7153,31.3033
contiguous,2048,128,0,92,decode,1,2140,31.6558,0.7374,32.3932
contiguous,2048,128,0,93,decode,1,2141,31.6297,0.7265,32.3562
contiguous,2048,128,0,94,decode,1,2142,34.4735,0.7937,35.2672
contiguous,2048,128,0,95,decode,1,2143,32.3056,0.808,33.1136
contiguous,2048,128,0,96,decode,1,2144,31.6341,0.8247,32.4588
contiguous,2048,128,0,97,decode,1,2145,30.7201,0.7496,31.4696
contiguous,2048,128,0,98,decode,1,2146,30.2221,0.7239,30.946
contiguous,2048,128,0,99,decode,1,2147,30.4711,0.7023,31.1734
contiguous,2048,128,0,100,decode,1,2148,30.9247,0.7174,31.6421
contiguous,2048,128,0,101,decode,1,2149,31.4906,0.7085,32.1991
contiguous,2048,128,0,102,decode,1,2150,31.6126,0.691,32.3035
contiguous,2048,128,0,103,decode,1,2151,31.7153,0.7573,32.4727
contiguous,2048,128,0,104,decode,1,2152,31.1159,0.7141,31.8301
contiguous,2048,128,0,105,decode,1,2153,31.5997,0.7125,32.3122
contiguous,2048,128,0,106,decode,1,2154,31.6648,0.7363,32.4011
contiguous,2048,128,0,107,decode,1,2155,31.4491,0.7427,32.1918
contiguous,2048,128,0,108,decode,1,2156,30.2196,0.7045,30.9241
contiguous,2048,128,0,109,decode,1,2157,30.2255,0.7096,30.935
contiguous,2048,128,0,110,decode,1,2158,30.2055,0.7101,30.9155
contiguous,2048,128,0,111,decode,1,2159,30.2257,0.7306,30.9563
contiguous,2048,128,0,112,decode,1,2160,30.0706,0.7493,30.8199
contiguous,2048,128,0,113,decode,1,2161,30.4212,0.7297,31.151
contiguous,2048,128,0,114,decode,1,2162,30.3988,0.6924,31.0912
contiguous,2048,128,0,115,decode,1,2163,30.3548,0.6976,31.0524
contiguous,2048,128,0,116,decode,1,2164,30.3376,0.7149,31.0525
contiguous,2048,128,0,117,decode,1,2165,30.3113,0.7108,31.0222
contiguous,2048,128,0,118,decode,1,2166,30.2771,0.7105,30.9875
contiguous,2048,128,0,119,decode,1,2167,30.27,0.7257,30.9956
contiguous,2048,128,0,120,decode,1,2168,29.9837,0.7352,30.7189
contiguous,2048,128,0,121,decode,1,2169,31.4946,0.73,32.2246
contiguous,2048,128,0,122,decode,1,2170,31.5218,0.7274,32.2492
contiguous,2048,128,0,123,decode,1,2171,30.313,0.6886,31.0016
contiguous,2048,128,0,124,decode,1,2172,31.3137,0.7404,32.0541
contiguous,2048,128,0,125,decode,1,2173,31.7305,0.7281,32.4585
contiguous,2048,128,0,126,decode,1,2174,30.308,0.7237,31.0317
contiguous,2048,128,0,127,decode,1,2175,30.1831,0.6981,30.8812
paged,128,64,0,0,prefill,128,128,22.8787,0.4563,23.335
paged,128,64,0,1,decode,1,129,26.952,0.4131,27.3651
paged,128,64,0,2,decode,1,130,27.6711,0.3987,28.0698
paged,128,64,0,3,decode,1,131,27.5798,0.394,27.9738
paged,128,64,0,4,decode,1,132,27.7071,0.4315,28.1386
paged,128,64,0,5,decode,1,133,27.5536,0.4276,27.9812
paged,128,64,0,6,decode,1,134,26.941,0.4066,27.3476
paged,128,64,0,7,decode,1,135,27.608,0.4131,28.0211
paged,128,64,0,8,decode,1,136,26.9022,0.4598,27.3621
paged,128,64,0,9,decode,1,137,27.9625,0.4174,28.3799
paged,128,64,0,10,decode,1,138,27.552,0.3939,27.9459
paged,128,64,0,11,decode,1,139,27.451,0.4134,27.8644
paged,128,64,0,12,decode,1,140,27.6577,0.4009,28.0585
paged,128,64,0,13,decode,1,141,27.6089,0.3936,28.0025
paged,128,64,0,14,decode,1,142,27.2414,0.4382,27.6796
paged,128,64,0,15,decode,1,143,26.63,0.414,27.044
paged,128,64,0,16,decode,1,144,26.6062,0.405,27.0112
paged,128,64,0,17,decode,1,145,27.6557,0.41,28.0657
paged,128,64,0,18,decode,1,146,27.5474,0.3973,27.9447
paged,128,64,0,19,decode,1,147,27.4748,0.3964,27.8712
paged,128,64,0,20,decode,1,148,27.384,0.4147,27.7987
paged,128,64,0,21,decode,1,149,27.4144,0.4117,27.8261
paged,128,64,0,22,decode,1,150,26.5404,0.4114,26.9518
paged,128,64,0,23,decode,1,151,26.8923,0.3973,27.2896
paged,128,64,0,24,decode,1,152,26.9657,0.4037,27.3694
paged,128,64,0,25,decode,1,153,27.522,0.3956,27.9176
paged,128,64,0,26,decode,1,154,27.4646,0.407,27.8716
paged,128,64,0,27,decode,1,155,27.661,0.4266,28.0876
paged,128,64,0,28,decode,1,156,27.56,0.4224,27.9824
paged,128,64,0,29,decode,1,157,27.4024,0.3964,27.7988
paged,128,64,0,30,decode,1,158,27.5862,0.3987,27.9848
paged,128,64,0,31,decode,1,159,26.9621,0.3838,27.3459
paged,128,64,0,32,decode,1,160,25.8111,0.4195,26.2306
paged,128,64,0,33,decode,1,161,27.9409,0.4555,28.3964
paged,128,64,0,34,decode,1,162,27.4064,0.408,27.8144
paged,128,64,0,35,decode,1,163,27.5094,0.3996,27.909
paged,128,64,0,36,decode,1,164,27.2869,0.4943,27.7812
paged,128,64,0,37,decode,1,165,28.7877,0.5651,29.3528
paged,128,64,0,38,decode,1,166,31.6423,0.5293,32.1716
paged,128,64,0,39,decode,1,167,28.2802,0.5346,28.8149
paged,128,64,0,40,decode,1,168,27.6153,0.5006,28.1158
paged,128,64,0,41,decode,1,169,28.2989,0.4926,28.7915
paged,128,64,0,42,decode,1,170,26.8912,0.3914,27.2826
paged,128,64,0,43,decode,1,171,26.8855,0.4259,27.3114
paged,128,64,0,44,decode,1,172,27.4844,0.4519,27.9362
paged,128,64,0,45,decode,1,173,27.4331,0.4191,27.8521
paged,128,64,0,46,decode,1,174,27.8047,0.444,28.2487
paged,128,64,0,47,decode,1,175,27.7278,0.4147,28.1425
paged,128,64,0,48,decode,1,176,26.96,0.4319,27.3919
paged,128,64,0,49,decode,1,177,27.6552,0.4397,28.0948
paged,128,64,0,50,decode,1,178,27.5878,0.4144,28.0022
paged,128,64,0,51,decode,1,179,27.577,0.4014,27.9784
paged,128,64,0,52,decode,1,180,27.5697,0.3972,27.9668
paged,128,64,0,53,decode,1,181,27.5401,0.3978,27.9379
paged,128,64,0,54,decode,1,182,27.7975,0.4412,28.2387
paged,128,64,0,55,decode,1,183,27.7192,0.4244,28.1436
paged,128,64,0,56,decode,1,184,26.8651,0.4254,27.2904
paged,128,64,0,57,decode,1,185,27.6857,0.4093,28.095
paged,128,64,0,58,decode,1,186,27.6655,0.4067,28.0722
paged,128,64,0,59,decode,1,187,27.5401,0.4072,27.9473
paged,128,64,0,60,decode,1,188,27.6113,0.4031,28.0143
paged,128,64,0,61,decode,1,189,27.5733,0.4023,27.9756
paged,128,64,0,62,decode,1,190,27.698,0.4519,28.1499
paged,128,64,0,63,decode,1,191,27.7058,0.4382,28.144
paged,128,128,0,0,prefill,128,128,22.6832,0.3975,23.0807
paged,128,128,0,1,decode,1,129,26.66,0.3881,27.048
paged,128,128,0,2,decode,1,130,27.0722,0.4171,27.4892
paged,128,128,0,3,decode,1,131,27.5493,0.4218,27.9711
paged,128,128,0,4,decode,1,132,27.617,0.4161,28.0331
paged,128,128,0,5,decode,1,133,27.6185,0.4097,28.0282
paged,128,128,0,6,decode,1,134,27.5243,0.4078,27.9321
paged,128,128,0,7,decode,1,135,27.8651,0.4056,28.2707
paged,128,128,0,8,decode,1,136,27.0187,0.4238,27.4426
paged,128,128,0,9,decode,1,137,27.6732,0.412,28.0852
paged,128,128,0,10,decode,1,138,26.5632,0.4052,26.9684
paged,128,128,0,11,decode,1,139,26.5864,0.4007,26.987
paged,128,128,0,12,decode,1,140,26.617,0.4132,27.0302
paged,128,128,0,13,decode,1,141,27.4616,0.4683,27.9299
paged,128,128,0,14,decode,1,142,27.7907,0.405,28.1956
paged,128,128,0,15,decode,1,143,26.9129,0.4,27.3129
paged,128,128,0,16,decode,1,144,27.0565,0.4025,27.459
paged,128,128,0,17,decode,1,145,27.6439,0.3964,28.0403
paged,128,128,0,18,decode,1,146,27.5778,0.3932,27.971
paged,128,128,0,19,decode,1,147,27.0292,0.4019,27.4311
paged,128,128,0,20,decode,1,148,26.5195,0.4046,26.9241
paged,128,128,0,21,decode,1,149,26.9119,0.4211,27.333
paged,128,128,0,22,decode,1,150,26.8239,0.4039,27.2278
paged,128,128,0,23,decode,1,151,26.6139,0.3841,26.998
paged,128,128,0,24,decode,1,152,26.0506,0.4055,26.4562
paged,128,128,0,25,decode,1,153,26.5564,0.4012,26.9576
paged,128,128,0,26,decode,1,154,26.5225,0.4145,26.937
paged,128,128,0,27,decode,1,155,26.4824,0.4065,26.8889
paged,128,128,0,28,decode,1,156,26.5855,0.4033,26.9888
paged,128,128,0,29,decode,1,157,26.5242,0.4022,26.9265
paged,128,128,0,30,decode,1,158,26.558,0.4336,26.9916
paged,128,128,0,31,decode,1,159,26.718,0.4012,27.1192
paged,128,128,0,32,decode,1,160,26.0839,0.4185,26.5024
paged,128,128,0,33,decode,1,161,26.6402,0.4223,27.0625
paged,128,128,0,34,decode,1,162,26.5206,0.4097,26.9303
paged,128,128,0,35,decode,1,163,26.5492,0.428,26.9772
paged,128,128,0,36,decode,1,164,28.1129,0.4483,28.5613
paged,128,128,0,37,decode,1,165,28.0983,0.4431,28.5413
paged,128,128,0,38,decode,1,166,27.9628,0.4008,28.3636
paged,128,128,0,39,decode,1,167,26.7094,0.3892,27.0986
paged,128,128,0,40,decode,1,168,26.0476,0.3991,26.4466
paged,128,128,0,41,decode,1,169,26.6008,0.3862,26.9869
paged,128,128,0,42,decode,1,170,26.7536,0.3865,27.1401
paged,128,128,0,43,decode,1,171,26.5817,0.3848,26.9664
paged,128,128,0,44,decode,1,172,26.6159,0.3896,27.0055
paged,128,128,0,45,decode,1,173,26.7199,0.4219,27.1418
paged,128,128,0,46,decode,1,174,26.6361,0.4125,27.0485
paged,128,128,0,47,decode,1,175,26.5146,0.4107,26.9253
paged,128,128,0,48,decode,1,176,25.9439,0.3868,26.3307
paged,128,128,0,49,decode,1,177,28.422,0.551,28.973
paged,128,128,0,50,decode,1,178,28.6261,0.4881,29.1142
paged,128,128,0,51,decode,1,179,28.5419,0.4758,29.0178
paged,128,128,0,52,decode,1,180,29.1121,0.5148,29.6269
paged,128,128,0,53,decode,1,181,28.8912,0.4022,29.2934
paged,128,128,0,54,decode,1,182,26.6825,0.4155,27.098
paged,128,128,0,55,decode,1,183,27.7512,0.4407,28.1918
paged,128,128,0,56,decode,1,184,27.3878,0.4452,27.833
paged,128,128,0,57,decode,1,185,28.4842,0.4685,28.9527
paged,128,128,0,58,decode,1,186,28.229,0.44,28.669
paged,128,128,0,59,decode,1,187,29.1472,0.453,29.6002
paged,128,128,0,60,decode,1,188,28.2599,0.4233,28.6832
paged,128,128,0,61,decode,1,189,28.0513,0.409,28.4603
paged,128,128,0,62,decode,1,190,28.0587,0.4085,28.4673
paged,128,128,0,63,decode,1,191,28.0857,0.4341,28.5198
paged,128,128,0,64,decode,1,192,27.3425,0.4255,27.7681
paged,128,128,0,65,decode,1,193,28.0527,0.4081,28.4608
paged,128,128,0,66,decode,1,194,28.5239,0.4327,28.9566
paged,128,128,0,67,decode,1,195,28.456,0.4424,28.8984
paged,128,128,0,68,decode,1,196,28.6975,0.4313,29.1288
paged,128,128,0,69,decode,1,197,28.1514,0.4278,28.5792
paged,128,128,0,70,decode,1,198,27.8781,0.4715,28.3497
paged,128,128,0,71,decode,1,199,28.7893,0.5017,29.2911
paged,128,128,0,72,decode,1,200,27.3319,0.4072,27.7391
paged,128,128,0,73,decode,1,201,27.9532,0.4276,28.3809
paged,128,128,0,74,decode,1,202,28.0602,0.3971,28.4574
paged,128,128,0,75,decode,1,203,27.7804,0.4382,28.2187
paged,128,128,0,76,decode,1,204,28.5169,0.4508,28.9677
paged,128,128,0,77,decode,1,205,28.1504,0.41,28.5604
paged,128,128,0,78,decode,1,206,28.171,0.4147,28.5857
paged,128,128,0,79,decode,1,207,28.0756,0.4355,28.5111
paged,128,128,0,80,decode,1,208,27.3383,0.4317,27.7701
paged,128,128,0,81,decode,1,209,28.0297,0.4214,28.451
paged,128,128,0,82,decode,1,210,29.0343,0.4764,29.5107
paged,128,128,0,83,decode,1,211,28.3205,0.4179,28.7384
paged,128,128,0,84,decode,1,212,28.3373,0.4185,28.7558
paged,128,128,0,85,decode,1,213,28.0658,0.4526,28.5184
paged,128,128,0,86,decode,1,214,28.0366,0.3969,28.4335
paged,128,128,0,87,decode,1,215,27.8604,0.4355,28.2959
paged,128,128,0,88,decode,1,216,27.3857,0.4235,27.8092
paged,128,128,0,89,decode,1,217,27.2132,0.4117,27.6249
paged,128,128,0,90,decode,1,218,27.97,0.4535,28.4236
paged,128,128,0,91,decode,1,219,28.0937,0.4125,28.5062
paged,128,128,0,92,decode,1,220,28.1098,0.4094,28.5193
paged,128,128,0,93,decode,1,221,29.1341,0.5236,29.6577
paged,128,128,0,94,decode,1,222,28.4428,0.4531,28.8958
paged,128,128,0,95,decode,1,223,28.1075,0.4148,28.5224
paged,128,128,0,96,decode,1,224,27.3911,0.4122,27.8033
paged,128,128,0,97,decode,1,225,28.0398,0.4308,28.4707
paged,128,128,0,98,decode,1,226,27.9861,0.4082,28.3942
paged,128,128,0,99,decode,1,227,28.0919,0.4459,28.5378
paged,128,128,0,100,decode,1,228,28.1871,0.4367,28.6237
paged,128,128,0,101,decode,1,229,28.0182,0.4252,28.4434
paged,128,128,0,102,decode,1,230,28.2042,0.4725,28.6768
paged,128,128,0,103,decode,1,231,28.1985,0.4414,28.6399
paged,128,128,0,104,decode,1,232,27.3684,0.4136,27.782
paged,128,128,0,105,decode,1,233,28.0832,0.4136,28.4968
paged,128,128,0,106,decode,1,234,27.9224,0.4115,28.334
paged,128,128,0,107,decode,1,235,28.1137,0.4584,28.5722
paged,128,128,0,108,decode,1,236,28.1597,0.4508,28.6105
paged,128,128,0,109,decode,1,237,27.9634,0.4179,28.3813
paged,128,128,0,110,decode,1,238,27.9408,0.4362,28.3771
paged,128,128,0,111,decode,1,239,28.1347,0.4501,28.5848
paged,128,128,0,112,decode,1,240,27.7013,0.443,28.1443
paged,128,128,0,113,decode,1,241,28.0437,0.4141,28.4578
paged,128,128,0,114,decode,1,242,28.0075,0.4359,28.4434
paged,128,128,0,115,decode,1,243,28.0393,0.4334,28.4727
paged,128,128,0,116,decode,1,244,28.0828,0.4547,28.5375
paged,128,128,0,117,decode,1,245,27.9678,0.4035,28.3712
paged,128,128,0,118,decode,1,246,26.6363,0.3965,27.0328
paged,128,128,0,119,decode,1,247,26.663,0.4226,27.0856
paged,128,128,0,120,decode,1,248,26.0528,0.3992,26.4519
paged,128,128,0,121,decode,1,249,26.6527,0.3966,27.0493
paged,128,128,0,122,decode,1,250,26.5591,0.399,26.9581
paged,128,128,0,123,decode,1,251,27.1194,0.5234,27.6427
paged,128,128,0,124,decode,1,252,27.2766,0.4998,27.7764
paged,128,128,0,125,decode,1,253,27.2969,0.5428,27.8397
paged,128,128,0,126,decode,1,254,27.3705,0.4925,27.863
paged,128,128,0,127,decode,1,255,26.8124,0.409,27.2214
paged,512,64,0,0,prefill,512,512,38.0233,0.5168,38.5401
paged,512,64,0,1,decode,1,513,27.6166,0.4725,28.0891
paged,512,64,0,2,decode,1,514,27.4344,0.4709,27.9053
paged,512,64,0,3,decode,1,515,27.3953,0.4575,27.8528
paged,512,64,0,4,decode,1,516,27.3952,0.4566,27.8518
paged,512,64,0,5,decode,1,517,27.3919,0.436,27.8279
paged,512,64,0,6,decode,1,518,27.6629,0.5084,28.1713
paged,512,64,0,7,decode,1,519,27.5867,0.481,28.0677
paged,512,64,0,8,decode,1,520,26.759,0.4356,27.1946
paged,512,64,0,9,decode,1,521,27.4092,0.4708,27.8801
paged,512,64,0,10,decode,1,522,27.4575,0.4748,27.9323
paged,512,64,0,11,decode,1,523,27.3678,0.4638,27.8316
paged,512,64,0,12,decode,1,524,28.5111,0.5076,29.0187
paged,512,64,0,13,decode,1,525,28.7887,0.4436,29.2323
paged,512,64,0,14,decode,1,526,27.4022,0.4435,27.8457
paged,512,64,0,15,decode,1,527,27.4276,0.4397,27.8673
paged,512,64,0,16,decode,1,528,26.8237,0.4638,27.2875
paged,512,64,0,17,decode,1,529,27.4977,0.4433,27.941
paged,512,64,0,18,decode,1,530,27.4069,0.4388,27.8457
paged,512,64,0,19,decode,1,531,28.3059,0.4514,28.7573
paged,512,64,0,20,decode,1,532,27.5474,0.4483,27.9957
paged,512,64,0,21,decode,1,533,27.4573,0.4496,27.9069
paged,512,64,0,22,decode,1,534,27.5055,0.4386,27.9442
paged,512,64,0,23,decode,1,535,27.397,0.4579,27.8549
paged,512,64,0,24,decode,1,536,26.7819,0.46,27.242
paged,512,64,0,25,decode,1,537,27.4108,0.4523,27.8631
paged,512,64,0,26,decode,1,538,27.4648,0.4676,27.9324
paged,512,64,0,27,decode,1,539,27.4736,0.4632,27.9368
paged,512,64,0,28,decode,1,540,27.4105,0.4583,27.8688
paged,512,64,0,29,decode,1,541,27.5667,0.5681,28.1348
paged,512,64,0,30,decode,1,542,27.9349,0.4824,28.4173
paged,512,64,0,31,decode,1,543,27.2896,0.4559,27.7455
paged,512,64,0,32,decode,1,544,26.8121,0.4822,27.2943
paged,512,64,0,33,decode,1,545,27.4606,0.4804,27.941
paged,512,64,0,34,decode,1,546,27.4657,0.4744,27.9401
paged,512,64,0,35,decode,1,547,27.2765,0.4646,27.7411
paged,512,64,0,36,decode,1,548,28.0938,0.4782,28.5721
paged,512,64,0,37,decode,1,549,28.8255,0.4834,29.3089
paged,512,64,0,38,decode,1,550,28.9074,0.4771,29.3846
paged,512,64,0,39,decode,1,551,28.7355,0.4484,29.1839
paged,512,64,0,40,decode,1,552,26.7211,0.4646,27.1857
paged,512,64,0,41,decode,1,553,27.3591,0.4417,27.8009
paged,512,64,0,42,decode,1,554,27.4029,0.4457,27.8486
paged,512,64,0,43,decode,1,555,27.4094,0.4446,27.854
paged,512,64,0,44,decode,1,556,27.3375,0.4437,27.7812
paged,512,64,0,45,decode,1,557,27.4426,0.4523,27.8949
paged,512,64,0,46,decode,1,558,27.435,0.4512,27.8862
paged,512,64,0,47,decode,1,559,27.3764,0.4809,27.8573
paged,512,64,0,48,decode,1,560,26.8393,0.4491,27.2883
paged,512,64,0,49,decode,1,561,27.4303,0.4427,27.873
paged,512,64,0,50,decode,1,562,27.4599,0.443,27.9029
paged,512,64,0,51,decode,1,563,28.3422,0.4743,28.8164
paged,512,64,0,52,decode,1,564,28.9754,0.5487,29.524
paged,512,64,0,53,decode,1,565,27.7051,0.4713,28.1765
paged,512,64,0,54,decode,1,566,27.3992,0.48,27.8791
paged,512,64,0,55,decode,1,567,27.3737,0.4677,27.8414
paged,512,64,0,56,decode,1,568,26.7235,0.4701,27.1936
paged,512,64,0,57,decode,1,569,28.1427,0.4818,28.6246
paged,512,64,0,58,decode,1,570,27.4596,0.4719,27.9315
paged,512,64,0,59,decode,1,571,27.3765,0.4782,27.8547
paged,512,64,0,60,decode,1,572,27.3434,0.4454,27.7888
paged,512,64,0,61,decode,1,573,27.3672,0.4462,27.8133
paged,512,64,0,62,decode,1,574,27.3936,0.4596,27.8531
paged,512,64,0,63,decode,1,575,27.3944,0.461,27.8554
paged,512,128,0,0,prefill,512,512,37.7475,0.4657,38.2132
paged,512,128,0,1,decode,1,513,27.4844,0.4403,27.9247
paged,512,128,0,2,decode,1,514,27.9902,0.4746,28.4648
paged,512,128,0,3,decode,1,515,28.7899,0.4771,29.267
paged,512,128,0,4,decode,1,516,28.9269,0.5334,29.4603
paged,512,128,0,5,decode,1,517,28.5628,0.5633,29.1261
paged,512,128,0,6,decode,1,518,29.3608,0.5826,29.9433
paged,512,128,0,7,decode,1,519,29.7989,0.5757,30.3745
paged,512,128,0,8,decode,1,520,28.7099,0.4628,29.1727
paged,512,128,0,9,decode,1,521,28.7872,0.4653,29.2526
paged,512,128,0,10,decode,1,522,27.4668,0.4583,27.925
paged,512,128,0,11,decode,1,523,27.4434,0.4397,27.8831
paged,512,128,0,12,decode,1,524,27.7397,0.5147,28.2544
paged,512,128,0,13,decode,1,525,27.7047,0.4634,28.1681
paged,512,128,0,14,decode,1,526,27.5577,0.4455,28.0031
paged,512,128,0,15,decode,1,527,27.4198,0.444,27.8638
paged,512,128,0,16,decode,1,528,26.8757,0.4625,27.3382
paged,512,128,0,17,decode,1,529,27.4739,0.4423,27.9163
paged,512,128,0,18,decode,1,530,27.4851,0.4683,27.9534
paged,512,128,0,19,decode,1,531,27.6368,0.4788,28.1156
paged,512,128,0,20,decode,1,532,27.4233,0.44,27.8633
paged,512,128,0,21,decode,1,533,27.4202,0.4444,27.8646
paged,512,128,0,22,decode,1,534,27.435,0.4449,27.88
paged,512,128,0,23,decode,1,535,27.4788,0.4449,27.9236
paged,512,128,0,24,decode,1,536,27.3565,0.4815,27.838
paged,512,128,0,25,decode,1,537,27.5335,0.4539,27.9874
paged,512,128,0,26,decode,1,538,28.0166,0.5017,28.5184
paged,512,128,0,27,decode,1,539,27.6041,0.4633,28.0674
paged,512,128,0,28,decode,1,540,27.4375,0.4621,27.8996
paged,512,128,0,29,decode,1,541,27.3808,0.4619,27.8427
paged,512,128,0,30,decode,1,542,27.4667,0.4766,27.9434
paged,512,128,0,31,decode,1,543,27.4355,0.4688,27.9044
paged,512,128,0,32,decode,1,544,26.7687,0.4575,27.2261
paged,512,128,0,33,decode,1,545,27.5011,0.4581,27.9592
paged,512,128,0,34,decode,1,546,27.341,0.4684,27.8094
paged,512,128,0,35,decode,1,547,27.4453,0.5672,28.0125
paged,512,128,0,36,decode,1,548,29.1737,0.5086,29.6824
paged,512,128,0,37,decode,1,549,28.8181,0.469,29.287
paged,512,128,0,38,decode,1,550,28.8852,0.4897,29.3749
paged,512,128,0,39,decode,1,551,27.5665,0.4707,28.0372
paged,512,128,0,40,decode,1,552,26.7346,0.4815,27.2161
paged,512,128,0,41,decode,1,553,28.5049,0.5911,29.096
paged,512,128,0,42,decode,1,554,29.2723,0.503,29.7753
paged,512,128,0,43,decode,1,555,28.8524,0.4631,29.3155
paged,512,128,0,44,decode,1,556,30.1137,0.5815,30.6952
paged,512,128,0,45,decode,1,557,29.5452,0.4668,30.012
paged,512,128,0,46,decode,1,558,27.3968,0.447,27.8438
paged,512,128,0,47,decode,1,559,27.3335,0.4645,27.798
paged,512,128,0,48,decode,1,560,27.7211,0.4655,28.1866
paged,512,128,0,49,decode,1,561,28.7861,0.4593,29.2455
paged,512,128,0,50,decode,1,562,28.8061,0.4894,29.2955
paged,512,128,0,51,decode,1,563,28.7251,0.4624,29.1876
paged,512,128,0,52,decode,1,564,28.352,0.6729,29.0249
paged,512,128,0,53,decode,1,565,29.3608,0.4982,29.8591
paged,512,128,0,54,decode,1,566,28.8337,0.4641,29.2978
paged,512,128,0,55,decode,1,567,28.8964,0.4854,29.3818
paged,512,128,0,56,decode,1,568,28.0542,0.4664,28.5207
paged,512,128,0,57,decode,1,569,28.7754,0.4726,29.248
paged,512,128,0,58,decode,1,570,27.5046,0.4699,27.9745
paged,512,128,0,59,decode,1,571,27.7894,0.4729,28.2623
paged,512,128,0,60,decode,1,572,28.7892,0.4626,29.2518
paged,512,128,0,61,decode,1,573,28.8048,0.4971,29.3019
paged,512,128,0,62,decode,1,574,28.8973,0.4657,29.363
paged,512,128,0,63,decode,1,575,28.756,0.4627,29.2187
paged,512,128,0,64,decode,1,576,28.0766,0.488,28.5646
paged,512,128,0,65,decode,1,577,28.9894,0.4783,29.4676
paged,512,128,0,66,decode,1,578,27.831,0.5188,28.3497
paged,512,128,0,67,decode,1,579,29.1027,0.486,29.5887
paged,512,128,0,68,decode,1,580,28.9089,0.468,29.3769
paged,512,128,0,69,decode,1,581,27.565,0.4497,28.0147
paged,512,128,0,70,decode,1,582,27.4888,0.4668,27.9556
paged,512,128,0,71,decode,1,583,28.7785,0.5027,29.2812
paged,512,128,0,72,decode,1,584,28.192,0.4662,28.6583
paged,512,128,0,73,decode,1,585,29.087,0.4825,29.5695
paged,512,128,0,74,decode,1,586,28.8889,0.5029,29.3918
paged,512,128,0,75,decode,1,587,28.9375,0.4676,29.405
paged,512,128,0,76,decode,1,588,28.9008,0.4641,29.3649
paged,512,128,0,77,decode,1,589,27.9352,0.5847,28.5199
paged,512,128,0,78,decode,1,590,28.1144,0.5514,28.6658
paged,512,128,0,79,decode,1,591,28.1164,0.5831,28.6995
paged,512,128,0,80,decode,1,592,27.4602,0.5508,28.011
paged,512,128,0,81,decode,1,593,28.8587,0.4787,29.3375
paged,512,128,0,82,decode,1,594,27.6132,0.4607,28.0739
paged,512,128,0,83,decode,1,595,27.5488,0.468,28.0168
paged,512,128,0,84,decode,1,596,27.5622,0.4505,28.0127
paged,512,128,0,85,decode,1,597,27.5171,0.4834,28.0006
paged,512,128,0,86,decode,1,598,27.5413,0.4888,28.0301
paged,512,128,0,87,decode,1,599,27.5331,0.4738,28.0069
paged,512,128,0,88,decode,1,600,27.2671,0.4754,27.7425
paged,512,128,0,89,decode,1,601,27.687,0.5094,28.1965
paged,512,128,0,90,decode,1,602,27.6728,0.452,28.1247
paged,512,128,0,91,decode,1,603,27.4681,0.4547,27.9228
paged,512,128,0,92,decode,1,604,27.4958,0.4572,27.953
paged,512,128,0,93,decode,1,605,27.6019,0.4511,28.0531
paged,512,128,0,94,decode,1,606,27.6002,0.4632,28.0634
paged,512,128,0,95,decode,1,607,27.6,0.4532,28.0532
paged,512,128,0,96,decode,1,608,28.2245,0.474,28.6985
paged,512,128,0,97,decode,1,609,28.918,0.4984,29.4165
paged,512,128,0,98,decode,1,610,28.9036,0.4587,29.3623
paged,512,128,0,99,decode,1,611,27.4798,0.4559,27.9357
paged,512,128,0,100,decode,1,612,27.4809,0.4559,27.9368
paged,512,128,0,101,decode,1,613,27.4428,0.4563,27.899
paged,512,128,0,102,decode,1,614,28.0403,0.5085,28.5488
paged,512,128,0,103,decode,1,615,29.09,0.474,29.564
paged,512,128,0,104,decode,1,616,28.2877,0.4786,28.7663
paged,512,128,0,105,decode,1,617,27.5072,0.4539,27.961
paged,512,128,0,106,decode,1,618,28.3286,0.4621,28.7907
paged,512,128,0,107,decode,1,619,27.5792,0.464,28.0431
paged,512,128,0,108,decode,1,620,27.5851,0.4533,28.0384
paged,512,128,0,109,decode,1,621,27.5501,0.4559,28.006
paged,512,128,0,110,decode,1,622,28.1151,0.4869,28.602
paged,512,128,0,111,decode,1,623,28.9394,0.496,29.4353
paged,512,128,0,112,decode,1,624,28.2603,0.4644,28.7247
paged,512,128,0,113,decode,1,625,28.5316,0.5795,29.1112
paged,512,128,0,114,decode,1,626,29.2507,0.4873,29.738
paged,512,128,0,115,decode,1,627,28.9573,0.4888,29.4461
paged,512,128,0,116,decode,1,628,28.8487,0.4652,29.3139
paged,512,128,0,117,decode,1,629,28.9569,0.5158,29.4726
paged,512,128,0,118,decode,1,630,28.8412,0.4822,29.3234
paged,512,128,0,119,decode,1,631,27.6684,0.4842,28.1526
paged,512,128,0,120,decode,1,632,26.9627,0.4704,27.4331
paged,512,128,0,121,decode,1,633,27.5984,0.4695,28.068
paged,512,128,0,122,decode,1,634,27.5288,0.4558,27.9846
paged,512,128,0,123,decode,1,635,27.4925,0.4609,27.9534
paged,512,128,0,124,decode,1,636,27.4602,0.4578,27.9181
paged,512,128,0,125,decode,1,637,28.8384,0.4936,29.332
paged,512,128,0,126,decode,1,638,29.0139,0.4941,29.508
paged,512,128,0,127,decode,1,639,28.8832,0.4973,29.3805
paged,2048,64,0,0,prefill,2048,2048,133.6021,0.7749,134.3771
paged,2048,64,0,1,decode,1,2049,30.7777,0.698,31.4757
paged,2048,64,0,2,decode,1,2050,30.3104,0.6994,31.0097
paged,2048,64,0,3,decode,1,2051,30.2608,0.7155,30.9763
paged,2048,64,0,4,decode,1,2052,30.244,0.7067,30.9507
paged,2048,64,0,5,decode,1,2053,30.1913,0.6971,30.8884
paged,2048,64,0,6,decode,1,2054,30.8631,0.7042,31.5673
paged,2048,64,0,7,decode,1,2055,31.7728,0.7154,32.4882
paged,2048,64,0,8,decode,1,2056,31.2003,0.7065,31.9069
paged,2048,64,0,9,decode,1,2057,31.6482,0.6976,32.3458
paged,2048,64,0,10,decode,1,2058,31.9672,0.7671,32.7344
paged,2048,64,0,11,decode,1,2059,32.0491,0.7253,32.7745
paged,2048,64,0,12,decode,1,2060,31.8876,0.6952,32.5828
paged,2048,64,0,13,decode,1,2061,31.7699,0.7188,32.4887
paged,2048,64,0,14,decode,1,2062,30.6137,0.6949,31.3085
paged,2048,64,0,15,decode,1,2063,30.6027,0.6971,31.2998
paged,2048,64,0,16,decode,1,2064,30.1289,0.7832,30.9122
paged,2048,64,0,17,decode,1,2065,35.6532,0.8653,36.5185
paged,2048,64,0,18,decode,1,2066,33.1207,0.8086,33.9293
paged,2048,64,0,19,decode,1,2067,30.7593,0.731,31.4904
paged,2048,64,0,20,decode,1,2068,30.5445,0.7068,31.2512
paged,2048,64,0,21,decode,1,2069,30.7735,0.708,31.4815
paged,2048,64,0,22,decode,1,2070,31.5521,0.6971,32.2492
paged,2048,64,0,23,decode,1,2071,30.4737,0.6768,31.1505
paged,2048,64,0,24,decode,1,2072,30.9231,0.7101,31.6331
paged,2048,64,0,25,decode,1,2073,31.8382,0.6989,32.5372
paged,2048,64,0,26,decode,1,2074,31.6733,0.7415,32.4147
paged,2048,64,0,27,decode,1,2075,31.7809,0.7253,32.5062
paged,2048,64,0,28,decode,1,2076,31.6733,0.7151,32.3884
paged,2048,64,0,29,decode,1,2077,30.5105,0.6808,31.1912
paged,2048,64,0,30,decode,1,2078,32.0097,0.7667,32.7764
paged,2048,64,0,31,decode,1,2079,30.8787,0.6999,31.5786
paged,2048,64,0,32,decode,1,2080,29.9152,0.6806,30.5958
paged,2048,64,0,33,decode,1,2081,30.5205,0.7046,31.2251
paged,2048,64,0,34,decode,1,2082,30.3641,0.6955,31.0596
paged,2048,64,0,35,decode,1,2083,30.2398,0.693,30.9328
paged,2048,64,0,36,decode,1,2084,30.2542,0.7114,30.9657
paged,2048,64,0,37,decode,1,2085,31.8371,0.711,32.5481
paged,2048,64,0,38,decode,1,2086,31.8135,0.7359,32.5494
paged,2048,64,0,39,decode,1,2087,30.7596,0.6861,31.4457
paged,2048,64,0,40,decode,1,2088,29.9076,0.6949,30.6026
paged,2048,64,0,41,decode,1,2089,30.5849,0.6659,31.2508
paged,2048,64,0,42,decode,1,2090,30.5043,0.6931,31.1974
paged,2048,64,0,43,decode,1,2091,30.2411,0.6932,30.9343
paged,2048,64,0,44,decode,1,2092,30.544,0.7124,31.2564
paged,2048,64,0,45,decode,1,2093,30.4772,0.7086,31.1858
paged,2048,64,0,46,decode,1,2094,31.9112,0.7315,32.6428
paged,2048,64,0,47,decode,1,2095,31.7846,0.699,32.4836
paged,2048,64,0,48,decode,1,2096,29.8885,0.7004,30.5889
paged,2048,64,0,49,decode,1,2097,30.4307,0.6782,31.1089
paged,2048,64,0,50,decode,1,2098,30.5487,0.7028,31.2514
paged,2048,64,0,51,decode,1,2099,30.3177,0.6962,31.0139
paged,2048,64,0,52,decode,1,2100,30.2835,0.7161,30.9996
paged,2048,64,0,53,decode,1,2101,31.98,0.7742,32.7542
paged,2048,64,0,54,decode,1,2102,30.3486,0.7146,31.0632
paged,2048,64,0,55,decode,1,2103,30.2225,0.698,30.9205
paged,2048,64,0,56,decode,1,2104,29.8211,0.6823,30.5034
paged,2048,64,0,57,decode,1,2105,30.5812,0.7111,31.2922
paged,2048,64,0,58,decode,1,2106,30.3297,0.7116,31.0412
paged,2048,64,0,59,decode,1,2107,30.2255,0.7262,30.9517
paged,2048,64,0,60,decode,1,2108,30.9798,0.7025,31.6823
paged,2048,64,0,61,decode,1,2109,31.7809,0.9148,32.6958
paged,2048,64,0,62,decode,1,2110,31.729,0.723,32.452
paged,2048,64,0,63,decode,1,2111,31.7882,0.7058,32.494
paged,2048,128,0,0,prefill,2048,2048,133.4861,0.8672,134.3533
paged,2048,128,0,1,decode,1,2049,31.3301,0.7075,32.0376
paged,2048,128,0,2,decode,1,2050,30.3394,0.7023,31.0416
paged,2048,128,0,3,decode,1,2051,30.2626,0.6959,30.9585
paged,2048,128,0,4,decode,1,2052,30.609,0.6923,31.3013
paged,2048,128,0,5,decode,1,2053,30.5189,0.6812,31.2001
paged,2048,128,0,6,decode,1,2054,30.6033,0.6875,31.2908
paged,2048,128,0,7,decode,1,2055,30.325,0.7024,31.0274
paged,2048,128,0,8,decode,1,2056,30.0137,0.7025,30.7162
paged,2048,128,0,9,decode,1,2057,30.4603,0.7139,31.1742
paged,2048,128,0,10,decode,1,2058,30.261,0.7344,30.9954
paged,2048,128,0,11,decode,1,2059,30.6071,0.6906,31.2977
paged,2048,128,0,12,decode,1,2060,30.4486,0.6712,31.1198
paged,2048,128,0,13,decode,1,2061,30.6107,0.7024,31.3131
paged,2048,128,0,14,decode,1,2062,30.3004,0.7387,31.0391
paged,2048,128,0,15,decode,1,2063,31.2171,0.7833,32.0005
paged,2048,128,0,16,decode,1,2064,30.5499,0.787,31.3369
paged,2048,128,0,17,decode,1,2065,30.7948,0.8045,31.5993
paged,2048,128,0,18,decode,1,2066,31.0176,0.7172,31.7348
paged,2048,128,0,19,decode,1,2067,30.2282,0.6893,30.9175
paged,2048,128,0,20,decode,1,2068,30.2764,0.6923,30.9687
paged,2048,128,0,21,decode,1,2069,30.2452,0.6908,30.936
paged,2048,128,0,22,decode,1,2070,30.2662,0.7346,31.0008
paged,2048,128,0,23,decode,1,2071,30.2084,0.6895,30.8979
paged,2048,128,0,24,decode,1,2072,29.9283,0.6777,30.606
paged,2048,128,0,25,decode,1,2073,30.5064,0.7076,31.2141
paged,2048,128,0,26,decode,1,2074,30.3336,0.706,31.0396
paged,2048,128,0,27,decode,1,2075,30.61,0.6989,31.3089
paged,2048,128,0,28,decode,1,2076,30.52,0.6797,31.1997
paged,2048,128,0,29,decode,1,2077,30.6119,0.6987,31.3106
paged,2048,128,0,30,decode,1,2078,30.2711,0.7091,30.9803
paged,2048,128,0,31,decode,1,2079,30.2396,0.7093,30.949
paged,2048,128,0,32,decode,1,2080,29.9206,0.6875,30.6081
paged,2048,128,0,33,decode,1,2081,30.5863,0.6984,31.2847
paged,2048,128,0,34,decode,1,2082,30.2351,0.6937,30.9288
paged,2048,128,0,35,decode,1,2083,30.2709,0.7508,31.0217
paged,2048,128,0,36,decode,1,2084,30.7731,0.688,31.461
paged,2048,128,0,37,decode,1,2085,30.5998,0.6995,31.2993
paged,2048,128,0,38,decode,1,2086,30.3023,0.6906,30.9929
paged,2048,128,0,39,decode,1,2087,30.2427,0.6948,30.9375
paged,2048,128,0,40,decode,1,2088,29.9213,0.6905,30.6117
paged,2048,128,0,41,decode,1,2089,30.5889,0.7057,31.2946
paged,2048,128,0,42,decode,1,2090,30.3252,0.7105,31.0356
paged,2048,128,0,43,decode,1,2091,30.9245,0.683,31.6075
paged,2048,128,0,44,decode,1,2092,30.4496,0.7059,31.1555
paged,2048,128,0,45,decode,1,2093,30.2369,0.7083,30.9452
paged,2048,128,0,46,decode,1,2094,30.2403,0.7001,30.9403
paged,2048,128,0,47,decode,1,2095,30.2475,0.6992,30.9467
paged,2048,128,0,48,decode,1,2096,29.8401,0.6888,30.5289
paged,2048,128,0,49,decode,1,2097,30.6083,0.7114,31.3196
paged,2048,128,0,50,decode,1,2098,30.2533,0.7051,30.9584
paged,2048,128,0,51,decode,1,2099,30.2458,0.6964,30.9422
paged,2048,128,0,52,decode,1,2100,30.2372,0.7038,30.941
paged,2048,128,0,53,decode,1,2101,30.2377,0.7135,30.9512
paged,2048,128,0,54,decode,1,2102,30.2329,0.7094,30.9423
paged,2048,128,0,55,decode,1,2103,30.2448,0.7418,30.9866
paged,2048,128,0,56,decode,1,2104,30.2941,0.6976,30.9916
paged,2048,128,0,57,decode,1,2105,30.6649,0.7178,31.3827
paged,2048,128,0,58,decode,1,2106,30.66,0.7131,31.3731
paged,2048,128,0,59,decode,1,2107,30.2173,0.8885,31.1058
paged,2048,128,0,60,decode,1,2108,30.4032,0.6802,31.0834
paged,2048,128,0,61,decode,1,2109,30.4358,0.6767,31.1125
paged,2048,128,0,62,decode,1,2110,30.9458,0.6935,31.6393
paged,2048,128,0,63,decode,1,2111,30.562,0.6976,31.2597
paged,2048,128,0,64,decode,1,2112,29.9072,0.7005,30.6076
paged,2048,128,0,65,decode,1,2113,30.5271,0.6817,31.2089
paged,2048,128,0,66,decode,1,2114,30.6281,0.6996,31.3277
paged,2048,128,0,67,decode,1,2115,30.378,0.7113,31.0893
paged,2048,128,0,68,decode,1,2116,30.2782,0.7142,30.9924
paged,2048,128,0,69,decode,1,2117,30.1642,0.7038,30.8679
paged,2048,128,0,70,decode,1,2118,30.2462,0.695,30.9412
paged,2048,128,0,71,decode,1,2119,30.2255,0.7002,30.9257
paged,2048,128,0,72,decode,1,2120,29.9215,0.6876,30.6091
paged,2048,128,0,73,decode,1,2121,30.5655,0.7054,31.2709
paged,2048,128,0,74,decode,1,2122,30.24,0.6949,30.935
paged,2048,128,0,75,decode,1,2123,30.7738,0.6889,31.4627
paged,2048,128,0,76,decode,1,2124,30.2012,0.6762,30.8774
paged,2048,128,0,77,decode,1,2125,30.5872,0.7113,31.2986
paged,2048,128,0,78,decode,1,2126,30.3994,0.6992,31.0986
paged,2048,128,0,79,decode,1,2127,30.2395,0.6919,30.9314
paged,2048,128,0,80,decode,1,2128,29.8953,0.687,30.5823
paged,2048,128,0,81,decode,1,2129,30.639,0.7147,31.3537
paged,2048,128,0,82,decode,1,2130,31.053,0.8018,31.8548
paged,2048,128,0,83,decode,1,2131,33.3669,0.8209,34.1879
paged,2048,128,0,84,decode,1,2132,31.7779,0.8037,32.5817
paged,2048,128,0,85,decode,1,2133,30.9488,0.6772,31.626
paged,2048,128,0,86,decode,1,2134,30.5194,0.6968,31.2162
paged,2048,128,0,87,decode,1,2135,30.2238,0.7151,30.9389
paged,2048,128,0,88,decode,1,2136,30.1575,0.7165,30.8741
paged,2048,128,0,89,decode,1,2137,30.2646,0.7075,30.9722
paged,2048,128,0,90,decode,1,2138,30.2354,0.701,30.9364
paged,2048,128,0,91,decode,1,2139,31.0606,0.7252,31.7858
paged,2048,128,0,92,decode,1,2140,30.5813,0.713,31.2943
paged,2048,128,0,93,decode,1,2141,30.4883,0.6933,31.1816
paged,2048,128,0,94,decode,1,2142,31.0815,0.7268,31.8083
paged,2048,128,0,95,decode,1,2143,30.6004,0.6921,31.2925
paged,2048,128,0,96,decode,1,2144,29.9605,0.6824,30.643
paged,2048,128,0,97,decode,1,2145,30.5844,0.7345,31.3188
paged,2048,128,0,98,decode,1,2146,31.2192,0.7341,31.9533
paged,2048,128,0,99,decode,1,2147,30.3283,0.7842,31.1125
paged,2048,128,0,100,decode,1,2148,31.0351,0.7143,31.7493
paged,2048,128,0,101,decode,1,2149,30.2865,0.7096,30.9962
paged,2048,128,0,102,decode,1,2150,31.1619,0.7837,31.9456
paged,2048,128,0,103,decode,1,2151,31.1708,0.7118,31.8826
paged,2048,128,0,104,decode,1,2152,29.9436,0.6934,30.637
paged,2048,128,0,105,decode,1,2153,30.5384,0.7175,31.2559
paged,2048,128,0,106,decode,1,2154,30.6396,0.6954,31.335
paged,2048,128,0,107,decode,1,2155,31.1465,0.7055,31.852
paged,2048,128,0,108,decode,1,2156,30.6393,0.7256,31.365
paged,2048,128,0,109,decode,1,2157,31.3767,0.7121,32.0887
paged,2048,128,0,110,decode,1,2158,30.2089,0.7223,30.9311
paged,2048,128,0,111,decode,1,2159,30.2008,0.6972,30.898
paged,2048,128,0,112,decode,1,2160,29.931,0.697,30.628
paged,2048,128,0,113,decode,1,2161,30.9599,0.7263,31.6862
paged,2048,128,0,114,decode,1,2162,30.6254,0.7053,31.3307
paged,2048,128,0,115,decode,1,2163,30.3339,0.763,31.0969
paged,2048,128,0,116,decode,1,2164,30.7031,0.6947,31.3978
paged,2048,128,0,117,decode,1,2165,30.6413,0.7117,31.353
paged,2048,128,0,118,decode,1,2166,30.2507,0.7056,30.9563
paged,2048,128,0,119,decode,1,2167,30.717,0.7106,31.4276
paged,2048,128,0,120,decode,1,2168,30.0654,0.7148,30.7802
paged,2048,128,0,121,decode,1,2169,30.49,0.6949,31.1849
paged,2048,128,0,122,decode,1,2170,30.5674,0.7188,31.2862
paged,2048,128,0,123,decode,1,2171,30.5843,0.7045,31.2887
paged,2048,128,0,124,decode,1,2172,30.4971,0.6863,31.1835
paged,2048,128,0,125,decode,1,2173,30.5828,0.7022,31.285
paged,2048,128,0,126,decode,1,2174,30.2174,0.7242,30.9416
paged,2048,128,0,127,decode,1,2175,30.4849,0.7307,31.2156
